,Depth,Sv
0,0.0,0.0
1,10.0,14.213724000000001
2,20.0,28.427448000000002
3,30.0,42.641172000000005
4,40.0,56.854896000000004
5,50.0,71.06862000000001
6,60.0,85.28234400000001
7,70.0,99.49606800000001
8,80.0,113.70979200000001
9,90.0,127.923516
10,100.0,142.13724000000002
11,110.0,156.35096400000003
12,120.0,170.56468800000005
13,130.0,184.77841200000006
14,140.0,198.99213600000007
15,150.0,213.2058600000001
16,160.0,227.4195840000001
17,170.0,241.6333080000001
18,180.0,255.84703200000013
19,190.0,270.06075600000014
20,200.0,284.27448000000015
21,210.0,298.48820400000017
22,220.0,312.7019280000002
23,230.0,326.9156520000002
24,240.0,341.1293760000002
25,250.0,355.3431000000002
26,260.0,369.55682400000023
27,270.0,383.77054800000025
28,280.0,397.98427200000026
29,290.0,412.1979960000003
30,300.0,426.4117200000003
31,310.0,440.6254440000003
32,320.0,454.8391680000003
33,330.0,469.0528920000003
34,340.0,483.26661600000034
35,350.0,497.48034000000035
36,360.0,511.69406400000037
37,360.0,511.69406400000037
38,387.77755353535355,551.8272904528942
39,415.5551070707071,592.6114954240079
40,443.3326606060606,634.0466789133415
41,471.11021414141413,676.132840920895
42,498.8877676767677,718.8699814466684
43,526.6653212121212,762.2581004906615
44,554.4428747474748,806.2971980528747
45,582.2204282828283,850.9872741333077
46,609.9979818181819,896.3283287319606
47,637.7755353535354,942.3203618488333
48,665.5530888888889,988.9633734839258
49,693.3306424242425,1036.2573636372385
50,721.1081959595961,1084.202332308771
51,748.8857494949496,1132.7982794985232
52,776.663303030303,1182.0452052064952
53,804.4408565656565,1231.9431094326872
54,832.2184101010101,1282.4919921770993
55,859.9959636363637,1333.6918534397312
56,887.7735171717172,1385.5426932205828
57,915.5510707070707,1438.0445115196544
58,943.3286242424243,1491.197308336946
59,971.1061777777778,1545.0010836724573
60,998.8837313131313,1599.4558375261884
61,1026.661284848485,1654.5615698981396
62,1054.4388383838384,1710.3182807883104
63,1082.2163919191921,1766.7259701967016
64,1109.9939454545456,1823.7846381233123
65,1137.771498989899,1881.4942845681428
66,1165.5490525252526,1939.8549095311932
67,1193.326606060606,1998.8665130124634
68,1221.1041595959596,2058.529095011954
69,1248.881713131313,2118.8426555296637
70,1276.6592666666666,2179.807194565594
71,1304.4368202020203,2241.422712119744
72,1332.2143737373738,2303.6892081921137
73,1359.9919272727275,2366.606682782704
74,1387.769480808081,2430.1751358915135
75,1415.5470343434345,2494.3945675185428
76,1443.324587878788,2559.264977663792
77,1471.1021414141414,2624.786366327261
78,1498.879694949495,2690.95873350895
79,1526.6572484848487,2757.7820792088596
80,1554.4348020202021,2825.2564034269885
81,1582.2123555555556,2893.381706163337
82,1609.9899090909091,2962.1579874179056
83,1637.7674626262626,3031.5852471906937
84,1665.5450161616163,3101.6634854817025
85,1693.3225696969698,3172.3927022909306
86,1721.1001232323233,3243.7728976183785
87,1748.8776767676768,3315.8040714640465
88,1776.6552303030303,3388.4862238279343
89,1804.432783838384,3461.8193547100427
90,1832.2103373737375,3535.8034641103704
91,1859.987890909091,3610.438552028918
92,1887.7654444444445,3685.724618465685
93,1915.542997979798,3761.661663420672
94,1943.3205515151517,3838.2496868938797
95,1971.0981050505052,3915.4886888853066
96,1998.8756585858587,3993.3786693949532
97,2026.6532121212122,4071.91962842282
98,2054.4307656565657,4151.111565968907
99,2082.208319191919,4230.954482033213
100,2109.985872727273,4311.448376615741
101,2137.763426262626,4392.593249716486
102,2165.54097979798,4474.389101335453
103,2193.318533333333,4556.835931472638
104,2221.096086868687,4639.9337401280445
105,2248.8736404040405,4723.68252730167
106,2276.651193939394,4808.082292993516
107,2304.4287474747475,4893.133037203581
108,2332.206301010101,4978.834759931866
109,2359.983854545455,5065.187461178372
110,2387.761408080808,5152.191140943096
111,2415.538961616162,5239.845799226043
112,2443.3165151515154,5328.151436027208
113,2471.094068686869,5417.108051346592
114,2498.8716222222224,5506.715645184197
115,2526.649175757576,5596.9742175400215
116,2554.4267292929294,5687.883768414066
117,2582.204282828283,5779.444297806331
118,2609.9818363636364,5871.655805716815
119,2637.75938989899,5964.518292145519
120,2665.5369434343434,6058.031757092443
121,2693.3144969696973,6152.196200557588
122,2721.092050505051,6247.011622540952
123,2748.8696040404043,6342.478023042536
124,2776.647157575758,6438.595402062339
125,2804.4247111111113,6535.363759600363
126,2832.2022646464648,6632.783095656606
127,2859.9798181818182,6730.853410231069
128,2887.7573717171717,6829.574703323751
129,2915.534925252525,6928.9469749346545
130,2943.3124787878787,7028.970225063777
131,2971.0900323232327,7129.644453711122
132,2998.867585858586,7230.969660876684
133,3026.6451393939396,7332.945846560467
134,3054.422692929293,7435.573010762469
135,3082.2002464646466,7538.851153482691
136,3109.9778,7642.7802747211335
137,3109.9778,7642.7802747211335
138,3110.1028,7643.257003024093
139,3110.2278,7643.741726546803
140,3110.3528,7644.226538905288
141,3110.4778,7644.705114992368
142,3110.6028,7645.187937429493
143,3110.7278,7645.678559647663
144,3110.8528,7646.176128823438
145,3110.9778,7646.676860552803
146,3111.1028,7647.1757089637385
147,3111.2278,7647.667681485688
148,3111.3528,7648.1501130454035
149,3111.4778,7648.625793086218
150,3111.6028,7649.097990764653
151,3111.7278,7649.569477756889
152,3111.8528,7650.043754192458
153,3111.9778,7650.520482495418
154,3112.1028,7650.999609364303
155,3112.2278,7651.480370811448
156,3112.3528,7651.962837905473
157,3112.4778,7652.4485030873975
158,3112.6028,7652.936922178347
159,3112.7278,7653.425003693353
160,3112.8528,7653.914115703347
161,3112.9778,7654.401166723363
162,3113.1028,7654.881483991632
163,3113.2278,7655.356382277627
164,3113.3528,7655.834940597551
165,3113.4778,7656.316288360811
166,3113.6028,7656.799732648361
167,3113.7278,7657.282590619796
168,3113.8528,7657.760971268171
169,3113.9778,7658.238072681385
170,3114.1028,7658.71378825651
171,3114.2278,7659.189397228705
172,3114.3528,7659.675097944941
173,3114.4778,7660.176860169296
174,3114.6028,7660.679777258726
175,3114.7278,7661.168764898636
176,3114.8528,7661.653666092896
177,3114.9778,7662.132117809891
178,3115.1028,7662.604510927031
179,3115.2278,7663.077223852961
180,3115.3528,7663.55270845507
181,3115.4778,7664.049424807406
182,3115.6028,7664.573982291626
183,3115.7278,7665.11866996246
184,3115.8528,7665.661545383486
185,3115.9778,7666.172475459821
186,3116.1028,7666.670399978696
187,3116.2278,7667.157468765866
188,3116.3528,7667.635334166745
189,3116.4778,7668.10639474726
190,3116.6028,7668.573955198241
191,3116.7278,7669.041764389391
192,3116.8528,7669.50427896835
193,3116.9778,7669.9488309536055
194,3117.1028,7670.378867173225
195,3117.2278,7670.803093533161
196,3117.3528,7671.2257563834555
197,3117.4778,7671.650462456576
198,3117.6028,7672.080854019296
199,3117.7278,7672.514532505691
200,3117.8528,7672.952137533341
201,3117.9778,7673.396831655836
202,3118.1028,7673.849396627996
203,3118.2278,7674.2997940072455
204,3118.3528,7674.758275442021
205,3118.4778,7675.2184092222105
206,3118.6028,7675.674065679341
207,3118.7278,7676.128407367001
208,3118.8528,7676.582144971391
209,3118.9778,7677.033643914251
210,3119.1028,7677.483952457726
211,3119.2278,7677.929197362027
212,3119.3528,7678.365452085896
213,3119.4778,7678.797407158257
214,3119.6028,7679.226128608407
215,3119.7278,7679.6581725165415
216,3119.8528,7680.094214034551
217,3119.9778,7680.532760721417
218,3120.1028,7680.972124697411
219,3120.2278,7681.410635849967
220,3120.3528,7681.8467129022865
221,3120.4778,7682.286592125776
222,3120.6028,7682.733329471096
223,3120.7278,7683.186160950581
224,3120.8528,7683.641497598921
225,3120.9778,7684.089443110781
226,3121.1028,7684.542629933366
227,3121.2278,7684.994484219325
228,3121.3528,7685.443957706515
229,3121.4778,7685.895634320925
230,3121.6028,7686.332884005475
231,3121.7278,7686.779834556654
232,3121.8528,7687.225239365349
233,3121.9778,7687.669595911899
234,3122.1028,7688.118109972719
235,3122.2278,7688.5707993149645
236,3122.3528,7689.0196687188845
237,3122.4778,7689.463243510614
238,3122.6028,7689.900848538264
239,3122.7278,7690.337121029289
240,3122.8528,7690.776200730804
241,3122.9778,7691.206965403779
242,3123.1028,7691.631209530869
243,3123.2278,7692.0571060033735
244,3123.3528,7692.486929017134
245,3123.4778,7692.917818060194
246,3123.6028,7693.344851630619
247,3123.7278,7693.7742126983485
248,3123.8528,7694.208122157758
249,3123.9778,7694.644021538528
250,3124.1028,7695.078908191464
251,3124.2278,7695.511911525969
252,3124.3528,7695.946584973043
253,3124.4778,7696.384030096298
254,3124.6028,7696.818223830189
255,3124.7278,7697.251760179343
256,3124.8528,7697.687339751324
257,3124.9778,7698.124358462858
258,3125.1028,7698.566334210638
259,3125.2278,7699.005165171983
260,3125.3528,7699.442450390843
261,3125.4778,7699.878865019108
262,3125.6028,7700.313876042128
263,3125.7278,7700.747483459903
264,3125.8528,7701.181215247763
265,3125.9778,7701.620810196773
266,3126.1028,7702.0604584472485
267,3126.2278,7702.496375595173
268,3126.3528,7702.932807990593
269,3126.4778,7703.382228176318
270,3126.6028,7703.849522119973
271,3126.7278,7704.312782919443
272,3126.8528,7704.769167829928
273,3126.9778,7705.224166902323
274,3127.1028,7705.676038955438
275,3127.2278,7706.122811835068
276,3127.3528,7706.5660845851635
277,3127.4778,7707.007811592774
278,3127.6028,7707.449360928834
279,3127.7278,7707.891247840839
280,3127.8528,7708.3333479587045
281,3127.9778,7708.775128267779
282,3128.1028,7709.215931383329
283,3128.2278,7709.655917209749
284,3128.3528,7710.095885269014
285,3128.4778,7710.536706151719
286,3128.6028,7710.976940718309
287,3128.7278,7711.417743833859
288,3128.8528,7711.8592221013
289,3128.9778,7712.302459317085
290,3129.1028,7712.748663647755
291,3129.2278,7713.196502556685
292,3129.3528,7713.656991679975
293,3129.4778,7714.119062080061
294,3129.6028,7714.587795163271
295,3129.7278,7715.063315299691
296,3129.8528,7715.532741301946
297,3129.9778,7716.001527686621
298,3130.1028,7716.465232664966
299,3130.2278,7716.921901849931
300,3130.3528,7717.37119766557
301,3130.4778,7717.814328278426
302,3130.6028,7718.253940994591
303,3130.7278,7718.693233901966
304,3130.8528,7719.132544576496
305,3130.9778,7719.578109289586
306,3131.1028,7720.033552540855
307,3131.2278,7720.496795573171
308,3131.3528,7720.964782435871
309,3131.4778,7721.430548404196
310,3131.6028,7721.898108855176
311,3131.7278,7722.367392720192
312,3131.8528,7722.835308514272
313,3131.9778,7723.299155629857
314,3132.1028,7723.757814736182
315,3132.2278,7724.211214764627
316,3132.3528,7724.660848156212
317,3132.4778,7725.107763173081
318,3132.6028,7725.5523862269565
319,3132.7278,7725.996476266181
320,3132.8528,7726.439482508951
321,3132.9778,7726.8820623400015
322,3133.1028,7727.324038087781
323,3133.2278,7727.765516355222
324,3133.3528,7728.207616473087
325,3133.4778,7728.649645522332
326,3133.6028,7729.092829436652
327,3133.7278,7729.535462569167
328,3133.8528,7729.977989098752
329,3133.9778,7730.422096905132
330,3134.1028,7730.865458491002
331,3134.2278,7731.312817686747
332,3134.3528,7731.761402816187
333,3134.4778,7732.208637641847
334,3134.6028,7732.653509435892
335,3134.7278,7733.096906556072
336,3134.8528,7733.538633563682
337,3134.9778,7733.979561049317
338,3135.1028,7734.419031628242
339,3135.2278,7734.857525013642
340,3135.3528,7735.295982864732
341,3135.4778,7735.733818865397
342,3135.6028,7736.175297132837
343,3135.7278,7736.620115625417
344,3135.8528,7737.069482509677
345,3135.9778,7737.522580496487
346,3136.1028,7737.9758739220015
347,3136.2278,7738.429060744586
348,3136.3528,7738.878196655832
349,3136.4778,7739.324685260982
350,3136.6028,7739.769610356492
351,3136.7278,7740.214322246142
352,3136.8528,7740.662001250676
353,3136.9778,7741.111101627612
354,3137.1028,7741.558780632146
355,3137.2278,7742.003918933517
356,3137.3528,7742.4471028478365
357,3137.4778,7742.890375597932
358,3137.6028,7743.336881970236
359,3137.7278,7743.787776829827
360,3137.8528,7744.242189586107
361,3137.9778,7744.701470542857
362,3138.1028,7745.165122219737
363,3138.2278,7745.627103784047
364,3138.3528,7746.085034437017
365,3138.4778,7746.5403533182025
366,3138.6028,7746.990946136158
367,3138.7278,7747.438198728973
368,3138.8528,7747.886392981002
369,3138.9778,7748.335511125092
370,3139.1028,7748.785979572962
371,3139.2278,7749.236465787987
372,3139.3528,7749.685779370782
373,3139.4778,7750.133831485572
374,3139.6028,7750.581688161657
375,3139.7278,7751.026933065958
376,3139.8528,7751.471271845353
377,3139.9778,7751.916463448188
378,3140.1028,7752.364124685568
379,3140.2278,7752.814646434903
380,3140.3528,7753.265168184238
381,3140.4778,7753.7200606537035
382,3140.6028,7754.177831402279
383,3140.7278,7754.6369879889435
384,3140.8528,7755.094048051318
385,3140.9778,7755.544019018848
386,3141.1028,7755.989974609348
387,3141.2278,7756.434881937703
388,3141.3528,7756.8854925228125
389,3141.4778,7757.343085599838
390,3141.6028,7757.804551916653
391,3141.7278,7758.267084262768
392,3141.8528,7758.720590894142
393,3141.9778,7759.1675947467875
394,3142.1028,7759.611791388942
395,3142.2278,7760.056698717297
396,3142.3528,7760.504697530622
397,3142.4778,7760.956160939172
398,3142.6028,7761.412741288362
399,3142.7278,7761.8727329313115
400,3142.8528,7762.332689039951
401,3142.9778,7762.788452100011
402,3143.1028,7763.236521981957
403,3143.2278,7763.681376008847
404,3143.3528,7764.127082859177
405,3143.4778,7764.576041098871
406,3143.6028,7765.026065367866
407,3143.7278,7765.472607274481
408,3143.8528,7765.918331891966
409,3143.9778,7766.367005857181
410,3144.1028,7766.821756189405
411,3144.2278,7767.283204739066
412,3144.3528,7767.74857982998
413,3144.4778,7768.21205383531
414,3144.6028,7768.67190334102
415,3144.7278,7769.124841423435
416,3144.8528,7769.575167734065
417,3144.9778,7770.02810581648
418,3145.1028,7770.4872446359905
419,3145.2278,7770.953508084655
420,3145.3528,7771.423307197166
421,3145.4778,7771.891791540205
422,3145.6028,7772.360346951866
423,3145.7278,7772.8297907212755
424,3145.8528,7773.296036402786
425,3145.9778,7773.755939209961
426,3146.1028,7774.205448231461
427,3146.2278,7774.650817505845
428,3146.3528,7775.09554716265
429,3146.4778,7775.5399037092
430,3146.6028,7775.985130846345
431,3146.7278,7776.429522927205
432,3146.8528,7776.873577432119
433,3146.9778,7777.317383196864
434,3147.1028,7777.760975755749
435,3147.2278,7778.204550547479
436,3147.3528,7778.648658353859
437,3147.4778,7779.093210339114
438,3147.6028,7779.5382775718645
439,3147.7278,7779.984019956504
440,3147.8528,7780.430082149935
441,3147.9778,7780.87495394398
442,3148.1028,7781.31877747588
443,3148.2278,7781.763471598375
444,3148.3528,7782.211985659195
445,3148.4778,7782.666789292885
446,3148.6028,7783.12758045781
447,3148.7278,7783.58607965974
448,3148.8528,7784.03779180846
449,3148.9778,7784.4868388839295
450,3149.1028,7784.934926533029
451,3149.2278,7785.382978647819
452,3149.3528,7785.833322725604
453,3149.4778,7786.28025550963
454,3149.6028,7786.730830560429
455,3149.7278,7787.1830046551795
456,3149.8528,7787.636404683624
457,3149.9778,7788.0921322093745
458,3150.1028,7788.54258289009
459,3150.2278,7788.9901197573845
460,3150.3528,7789.43463620833
461,3150.4778,7789.8773759437745
462,3150.6028,7790.319529363104
463,3150.7278,7790.7610431648545
464,3150.8528,7791.202859008239
465,3150.9778,7791.6453322363595
466,3151.1028,7792.088800425159
467,3151.2278,7792.532304148269
468,3151.3528,7792.974333197514
469,3151.4778,7793.414923107204
470,3151.6028,7793.855655154134
471,3151.7278,7794.296920215715
472,3151.8528,7794.737652262645
473,3151.9778,7795.17754925329
474,3152.1028,7795.61789042281
475,3152.2278,7796.058498099655
476,3152.3528,7796.503725236799
477,3152.4778,7796.951528611419
478,3152.6028,7797.400948797144
479,3152.7278,7797.851346176394
480,3152.8528,7798.299256153944
481,3152.9778,7798.745620389009
482,3153.1028,7799.191273937874
483,3153.2278,7799.636963021049
484,3153.3528,7800.082900844394
485,3153.4778,7800.527914775679
486,3153.6028,7800.966710202714
487,3153.7278,7801.40163238996
488,3153.8528,7801.833196584909
489,3153.9778,7802.263090667289
490,3154.1028,7802.692984749669
491,3154.2278,7803.12248795464
492,3154.3528,7803.54207708712
493,3154.4778,7803.954434987515
494,3154.6028,7804.36156934434
495,3154.7278,7804.762094319505
496,3154.8528,7805.151959001671
497,3154.9778,7805.529297839561
498,3155.1028,7805.892494022071
499,3155.2278,7806.248068095087
500,3155.3528,7806.599342516592
501,3155.4778,7806.947774193297
502,3155.6028,7807.295175375012
503,3155.7278,7807.643393845857
504,3155.8528,7807.992713880311
505,3155.9778,7808.343899466041
506,3156.1028,7808.696719630031
507,3156.2278,7809.0503570831515
508,3156.3528,7809.405451442982
509,3156.4778,7809.760776775826
510,3156.6028,7810.1170793021965
511,3156.7278,7810.474892036742
512,3156.8528,7810.834570322562
513,3156.9778,7811.196167461122
514,3157.1028,7811.5569473105525
515,3157.2278,7811.916678897837
516,3157.3528,7812.275699798923
517,3157.4778,7812.634489726993
518,3157.6028,7812.993297422217
519,3157.7278,7813.351465499863
520,3157.8528,7813.709171631477
521,3157.9778,7814.066238145512
522,3158.1028,7814.423002617912
523,3158.2278,7814.779696021692
524,3158.3528,7815.136247288232
525,3158.4778,7815.492958459167
526,3158.6028,7815.848727970887
527,3158.7278,7816.203555823392
528,3158.8528,7816.557353180907
529,3158.9778,7816.910599756617
530,3159.1028,7817.265374307656
531,3159.2278,7817.621783436956
532,3159.3528,7817.979560637192
533,3159.4778,7818.337533276132
534,3159.6028,7818.694368817151
535,3159.7278,7819.049161135346
536,3159.8528,7819.402158970886
537,3159.9778,7819.752864843432
538,3160.1028,7820.1026645910715
539,3160.2278,7820.452268900007
540,3160.3528,7820.801837674632
541,3160.4778,7821.151370914948
542,3160.6028,7821.499607152948
543,3160.7278,7821.846564155788
544,3160.8528,7822.193343487078
545,3160.9778,7822.5410111761175
546,3161.1028,7822.890153539022
547,3161.2278,7823.240770575792
548,3161.3528,7823.591689654198
549,3161.4778,7823.942928541393
550,3161.6028,7824.294505004533
551,3161.7278,7824.646294673533
552,3161.8528,7824.998084342533
553,3161.9778,7825.349998381618
554,3162.1028,7825.701788050618
555,3162.2278,7826.052920334883
556,3162.3528,7826.404123687768
557,3162.4778,7826.7569083174485
558,3162.6028,7827.111629567024
559,3162.7278,7827.468980355538
560,3162.8528,7827.828445435498
561,3162.9778,7828.189509559408
562,3163.1028,7828.553114386483
563,3163.2278,7828.921516345407
564,3163.3528,7829.2932762966275
565,3163.4778,7829.669478036598
566,3163.6028,7830.048611357143
567,3163.7278,7830.428864008453
568,3163.8528,7830.809631907258
569,3163.9778,7831.192833906298
570,3164.1028,7831.576728824383
571,3164.2278,7831.962222786418
572,3164.3528,7832.348303064568
573,3164.4778,7832.733157409023
574,3164.6028,7833.115364447383
575,3164.7278,7833.495972441793
576,3164.8528,7833.871250289703
577,3164.9778,7834.243187912473
578,3165.1028,7834.6107725822685
579,3165.2278,7834.972884968323
580,3165.3528,7835.332634322764
581,3165.4778,7835.689061219218
582,3165.6028,7836.043889071723
583,3165.7278,7836.3977041963935
584,3165.8528,7836.750915237793
585,3165.9778,7837.104197347813
586,3166.1028,7837.458545487133
587,3166.2278,7837.814012957218
588,3166.3528,7838.170368785053
589,3166.4778,7838.527541902018
590,3166.6028,7838.885407938028
591,3166.7278,7839.243735920068
592,3166.8528,7839.604124892087
593,3166.9778,7839.966486018312
594,3167.1028,7840.331672122182
595,3167.2278,7840.696058704077
596,3167.3528,7841.055470482572
597,3167.4778,7841.417849375952
598,3167.6028,7841.784510153687
599,3167.7278,7842.154262416392
600,3167.8528,7842.5240502134075
601,3167.9778,7842.891510513117
602,3168.1028,7843.256749918452
603,3168.2278,7843.622149228182
604,3168.3528,7843.989271951947
605,3168.4778,7844.3578693495765
606,3168.6028,7844.728492202877
607,3168.7278,7845.101691293652
608,3168.8528,7845.475849810797
609,3168.9778,7845.8510743572415
610,3169.1028,7846.226103464982
611,3169.2278,7846.600617325227
612,3169.3528,7846.974758075217
613,3169.4778,7847.348756687968
614,3169.6028,7847.721813641502
615,3169.7278,7848.094390881853
616,3169.8528,7848.466648313412
617,3169.9778,7848.839190019452
618,3170.1028,7849.212691151862
619,3170.2278,7849.587276080727
620,3170.3528,7849.963051408977
621,3170.4778,7850.341189768842
622,3170.6028,7850.721122611362
623,3170.7278,7851.102636730678
624,3170.8528,7851.486123004198
625,3170.9778,7851.869609277718
626,3171.1028,7852.255316445613
627,3171.2278,7852.642089642808
628,3171.3528,7853.029484690428
629,3171.4778,7853.416648765033
630,3171.6028,7853.801023396302
631,3171.7278,7854.182875091562
632,3171.8528,7854.562985605632
633,3171.9778,7854.942900680997
634,3172.1028,7855.324094991522
635,3172.2278,7855.707279223407
636,3172.3528,7856.091582786056
637,3172.4778,7856.477201118177
638,3172.6028,7856.862055462631
639,3172.7278,7857.2456483390815
640,3172.8528,7857.628708200881
641,3172.9778,7858.012691954741
642,3173.1028,7858.400939825801
643,3173.2278,7858.792439086226
644,3173.3528,7859.187189736016
645,3173.4778,7859.582828743556
646,3173.6028,7859.976264623876
647,3173.7278,7860.368456803346
648,3173.8528,7860.758054978186
649,3173.9778,7861.148399373536
650,3174.1028,7861.540929128952
651,3174.2278,7861.935750847361
652,3174.3528,7862.332189376876
653,3174.4778,7862.728663440701
654,3174.6028,7863.123680597816
655,3174.7278,7863.518342411831
656,3174.8528,7863.913466171876
657,3174.9778,7864.3094427553615
658,3175.1028,7864.706894012712
659,3175.2278,7865.104451872992
660,3175.3528,7865.500250784928
661,3175.4778,7865.892691704567
662,3175.6028,7866.2810106442475
663,3175.7278,7866.665225371123
664,3175.8528,7867.044856172008
665,3175.9778,7867.421661995248
666,3176.1028,7867.795927115322
667,3176.2278,7868.168895233082
668,3176.3528,7868.541046061712
669,3176.4778,7868.910034336752
670,3176.6028,7869.277654540857
671,3176.7278,7869.647104761927
672,3176.8528,7870.021085607522
673,3176.9778,7870.400165626602
674,3177.1028,7870.7826036379765
675,3177.2278,7871.166018842877
676,3177.3528,7871.549984829582
677,3177.4778,7871.932991389917
678,3177.6028,7872.313244041227
679,3177.7278,7872.689623452748
680,3177.8528,7873.062733707748
681,3177.9778,7873.435595222578
682,3178.1028,7873.804903306408
683,3178.2278,7874.173713909898
684,3178.3528,7874.549080593582
685,3178.4778,7874.939833633497
686,3178.6028,7875.353275330347
687,3178.7278,7875.784270976337
688,3178.8528,7876.2180560656625
689,3178.9778,7876.651805620678
690,3179.1028,7877.087314124038
691,3179.2278,7877.5245105071235
692,3179.3528,7877.964194291909
693,3179.4778,7878.403469432129
694,3179.6028,7878.841447570034
695,3179.7278,7879.278412980104
696,3179.8528,7879.714721005439
697,3179.9778,7880.149181246654
698,3180.1028,7880.583215076149
699,3180.2278,7881.016342780739
700,3180.3528,7881.449346115244
701,3180.4778,7881.88298906733
702,3180.6028,7882.31736047277
703,3180.7278,7882.752886743285
704,3180.8528,7883.187080477175
705,3180.9778,7883.61425618484
706,3181.1028,7884.03242394492
707,3181.2278,7884.44479961247
708,3181.3528,7884.8595916131
709,3181.4778,7885.2845819607
710,3181.6028,7885.721884946715
711,3181.7278,7886.164677983626
712,3181.8528,7886.607613157776
713,3181.9778,7887.050548331926
714,3182.1028,7887.493341368836
715,3182.2278,7887.934055648611
716,3182.3528,7888.3703281396365
717,3182.4778,7888.801430388557
718,3182.6028,7889.2274334639915
719,3182.7278,7889.647804351292
720,3182.8528,7890.060872937886
721,3182.9778,7890.468469240742
722,3183.1028,7890.873631443362
723,3183.2278,7891.279753072352
724,3183.3528,7891.690085517077
725,3183.4778,7892.107862399747
726,3183.6028,7892.527451532227
727,3183.7278,7892.954680541357
728,3183.8528,7893.3893362212775
729,3183.9778,7893.829712925108
730,3184.1028,7894.276716777753
731,3184.2278,7894.725657250293
732,3184.3528,7895.176783082898
733,3184.4778,7895.637805220837
734,3184.6028,7896.099946689543
735,3184.7278,7896.543272741103
736,3184.8528,7896.960516609122
737,3184.9778,7897.3536326806525
738,3185.1028,7897.733441153087
739,3185.2278,7898.108878905392
740,3185.3528,7898.484885206657
741,3185.4778,7898.861833167137
742,3185.6028,7899.238603456067
743,3185.7278,7899.6144853872465
744,3185.8528,7899.988501767151
745,3185.9778,7900.361309980516
746,3186.1028,7900.734278098276
747,3186.2278,7901.107477189052
748,3186.3528,7901.479556949062
749,3186.4778,7901.849575719091
750,3186.6028,7902.217480197676
751,3186.7278,7902.584425249891
752,3186.8528,7902.952294194166
753,3186.9778,7903.321069263346
754,3187.1028,7903.6908392932055
755,3187.2278,7904.0610179676305
756,3187.3528,7904.431285477831
757,3187.4778,7904.801481919411
758,3187.6028,7905.171323017891
759,3187.7278,7905.5398671140565
760,3187.8528,7905.909601609606
761,3187.9778,7906.281166122121
762,3188.1028,7906.656568340116
763,3188.2278,7907.037034197286
764,3188.3528,7907.411583591841
765,3188.4778,7907.780909442826
766,3188.6028,7908.143874652321
767,3188.7278,7908.503837212621
768,3188.8528,7908.864101814556
769,3188.9778,7909.223282620036
770,3189.1028,7909.580135928211
771,3189.2278,7909.935319123816
772,3189.3528,7910.290591155196
773,3189.4778,7910.646254063986
774,3189.6028,7911.001224053731
775,3189.7278,7911.355234617105
776,3189.8528,7911.709085276086
777,3189.9778,7912.0635044840255
778,3190.1028,7912.4200912848755
779,3190.2278,7912.779449761905
780,3190.3528,7913.1402829128
781,3190.4778,7913.5034790953105
782,3190.6028,7913.867439265486
783,3190.7278,7914.230688749461
784,3190.8528,7914.592516861036
785,3190.9778,7914.952870298745
786,3191.1028,7915.3116957611255
787,3191.2278,7915.670947635225
788,3191.3528,7916.031834087586
789,3191.4778,7916.394781529925
790,3191.6028,7916.75994986664
791,3191.7278,7917.12726802911
792,3191.8528,7917.49458619158
793,3191.9778,7917.86190435405
794,3192.1028,7918.228565131785
795,3192.2278,7918.59430201746
796,3192.3528,7918.95909724392
797,3192.4778,7919.32264876953
798,3192.6028,7919.686040390745
799,3192.7278,7920.05056910988
800,3192.8528,7920.416057255385
801,3192.9778,7920.783339883545
802,3193.1028,7921.15415817555
803,3193.2278,7921.526753183055
804,3193.3528,7921.90044975417
805,3193.4778,7922.269526864985
806,3193.6028,7922.6382486327
807,3193.7278,7923.01494785301
808,3193.8528,7923.403817574495
809,3193.9778,7923.816157707735
810,3194.1028,7924.236937239601
811,3194.2278,7924.661678847031
812,3194.3528,7925.086047344206
813,3194.4778,7925.504925790487
814,3194.6028,7925.9196822568065
815,3194.7278,7926.330885292126
816,3194.8528,7926.742194930376
817,3194.9778,7927.154108651896
818,3195.1028,7927.565933537641
819,3195.2278,7927.977900560626
820,3195.3528,7928.388961458706
821,3195.4778,7928.800235562646
822,3195.6028,7929.211012186246
823,3195.7278,7929.621078123646
824,3195.8528,7930.030611046396
825,3195.9778,7930.438829199677
826,3196.1028,7930.847189490197
827,3196.2278,7931.255585315027
828,3196.3528,7931.663821235462
829,3196.4778,7932.0718261828815
830,3196.6028,7932.479724527371
831,3196.7278,7932.887978214962
832,3196.8528,7933.296676081427
833,3196.9778,7933.705835893922
834,3197.1028,7934.115830762702
835,3197.2278,7934.526767290697
836,3197.3528,7934.937312941282
837,3197.4778,7935.347911893332
838,3197.6028,7935.757924529267
839,3197.7278,7936.166622395733
840,3197.8528,7936.574183164278
841,3197.9778,7936.981690631358
842,3198.1028,7937.388682850943
843,3198.2278,7937.796812168448
844,3198.3528,7938.201370287798
845,3198.4778,7938.600829233664
846,3198.6028,7938.996095130949
847,3198.7278,7939.3877009943035
848,3198.8528,7939.7714715423035
849,3198.9778,7940.149236791914
850,3199.1028,7940.519166726169
851,3199.2278,7940.881865428339
852,3199.3528,7941.2409751651985
853,3199.4778,7941.596922348468
854,3199.6028,7941.9523542842435
855,3199.7278,7942.309420798279
856,3199.8528,7942.669241221339
857,3199.9778,7943.032366335229
858,3200.1028,7943.399400223219
859,3200.2278,7943.7687793756695
860,3200.3528,7944.139899709309
861,3200.4778,7944.513738417664
862,3200.6028,7944.891947846149
863,3200.7278,7945.276002668629
864,3200.8528,7945.666098323809
865,3200.9778,7946.061328686784
866,3201.1028,7946.458886547064
867,3201.2278,7946.858025684139
868,3201.3528,7947.259190276884
869,3201.4778,7947.662948874258
870,3201.6028,7948.068573022908
871,3201.7278,7948.475725146888
872,3201.8528,7948.883570189913
873,3201.9778,7949.291610671643
874,3202.1028,7949.699970962163
875,3202.2278,7950.109415049138
876,3202.3528,7950.519640890933
877,3202.4778,7950.930826159099
878,3202.6028,7951.342544441914
879,3202.7278,7951.755062246703
880,3202.8528,7952.169516671388
881,3202.9778,7952.584823919513
882,3203.1028,7953.0017657458975
883,3203.2278,7953.419720300118
884,3203.3528,7953.837728155802
885,3203.4778,7954.254900955202
886,3203.6028,7954.670901122372
887,3203.7278,7955.086368274892
888,3203.8528,7955.502279606288
889,3203.9778,7955.9188305552625
890,3204.1028,7956.335719080183
891,3204.2278,7956.752376632087
892,3204.3528,7957.168359032103
893,3204.4778,7957.584927748233
894,3204.6028,7958.004534647868
895,3204.7278,7958.4270731280785
896,3204.8528,7958.850517733194
897,3204.9778,7959.272238924274
898,3205.1028,7959.688665503164
899,3205.2278,7960.102142734324
900,3205.3528,7960.514465100409
901,3205.4778,7960.926538726324
902,3205.6028,7961.339020996804
903,3205.7278,7961.754541450789
904,3205.8528,7962.1727447451785
905,3205.9778,7962.592920193773
906,3206.1028,7963.014055068738
907,3206.2278,7963.436042767144
908,3206.3528,7963.860411264319
909,3206.4778,7964.289416988949
910,3206.6028,7964.715757640329
911,3206.7278,7965.140730220774
912,3206.8528,7965.564636771918
913,3206.9778,7965.986126989983
914,3207.1028,7966.406462342973
915,3207.2278,7966.822693483158
916,3207.3528,7967.236632660348
917,3207.4778,7967.649310369533
918,3207.6028,7968.061401762603
919,3207.7278,7968.473475388518
920,3207.8528,7968.885566781588
921,3207.9778,7969.295952527777
922,3208.1028,7969.704401654072
923,3208.2278,7970.110718721768
924,3208.3528,7970.515010333793
925,3208.4778,7970.918502423843
926,3208.6028,7971.321123923298
927,3208.7278,7971.723425613963
928,3208.8528,7972.125478564458
929,3208.9778,7972.527282774783
930,3209.1028,7972.9289093135585
931,3209.2278,7973.3298607004435
932,3209.3528,7973.7285378914885
933,3209.4778,7974.124887585229
934,3209.6028,7974.519460563469
935,3209.7278,7974.9130741153385
936,3209.8528,7975.306545529968
937,3209.9778,7975.705347091099
938,3210.1028,7976.106120806434
939,3210.2278,7976.508919977439
940,3210.3528,7976.911719148445
941,3210.4778,7977.310858285519
942,3210.6028,7977.709926353974
943,3210.7278,7978.110024917419
944,3210.8528,7978.510727564134
945,3210.9778,7978.911057100594
946,3211.1028,7979.309911963189
947,3211.2278,7979.706510397099
948,3211.3528,7980.101509787059
949,3211.4778,7980.495816257973
950,3211.6028,7980.889518645618
951,3211.7278,7981.283345403348
952,3211.8528,7981.678557999168
953,3211.9778,7982.075298570318
954,3212.1028,7982.472536621808
955,3212.2278,7982.869614768903
956,3212.3528,7983.266408641518
957,3212.4778,7983.663149212668
958,3212.6028,7984.060245126918
959,3212.7278,7984.458051727368
960,3212.8528,7984.857190864443
961,3212.9778,7985.257627003833
962,3213.1028,7985.661207929657
963,3213.2278,7986.070314440687
964,3213.3528,7986.484253617877
965,3213.4778,7986.902705652436
966,3213.6028,7987.3202515620915
967,3213.7278,7987.735043562721
968,3213.8528,7988.147348161651
969,3213.9778,7988.5580892509415
970,3214.1028,7988.968332859891
971,3214.2278,7989.377759179712
972,3214.3528,7989.786741320657
973,3214.4778,7990.195901133152
974,3214.6028,7990.605203082887
975,3214.7278,7991.012834920052
976,3214.8528,7991.417108764922
977,3214.9778,7991.817527137157
978,3215.1028,7992.215635779243
979,3215.2278,7992.612269747463
980,3215.3528,7993.006878260013
981,3215.4778,7993.399941030078
982,3215.6028,7993.791937770842
983,3215.7278,7994.185284815388
984,3215.8528,7994.583198018768
985,3215.9778,7994.988733331643
986,3216.1028,7995.403489797963
987,3216.2278,7995.824109425433
988,3216.3528,7996.248015976577
989,3216.4778,7996.676097809147
990,3216.6028,7997.111250969407
991,3216.7278,7997.555838488972
992,3216.8528,7998.005916059432
993,3216.9778,7998.452813309147
994,3217.1028,7998.897009951302
995,3217.2278,7999.3397141524365
996,3217.3528,7999.780037554801
997,3217.4778,8000.214284590156
998,3217.6028,8000.6481407481015
999,3217.7278,8001.080273492012
1000,3217.8528,8001.514449458747
1001,3217.9778,8001.949496016076
1002,3218.1028,8002.3805982649965
1003,3218.2278,8002.808111548607
1004,3218.3528,8003.228233695737
1005,3218.4778,8003.641710926897
1006,3218.6028,8004.049946847332
1007,3218.7278,8004.4541851578915
1008,3218.8528,8004.855118777621
1009,3218.9778,8005.252801007986
1010,3219.1028,8005.645330763401
1011,3219.2278,8006.035923898921
1012,3219.3528,8006.4265881030615
1013,3219.4778,8006.817962993401
1014,3219.6028,8007.2113811065665
1015,3219.7278,8007.608263814956
1016,3219.8528,8008.008468981331
1017,3219.9778,8008.419121234846
1018,3220.1028,8008.845959366566
1019,3220.2278,8009.2892498838155
1020,3220.3528,8009.74844200479
1021,3220.4778,8010.204062927611
1022,3220.6028,8010.65463797841
1023,3220.7278,8011.10002501995
1024,3220.8528,8011.53947783172
1025,3220.9778,8011.972267960366
1026,3221.1028,8012.401575726631
1027,3221.2278,8012.82855599559
1028,3221.3528,8013.25415042646
1029,3221.4778,8013.678909801045
1030,3221.6028,8014.1029229551195
1031,3221.7278,8014.52560357257
1032,3221.8528,8014.9475735038195
1033,3221.9778,8015.370023148254
1034,3222.1028,8015.792330655449
1035,3222.2278,8016.213394461794
1036,3222.3528,8016.63310796436
1037,3222.4778,8017.050565038239
1038,3222.6028,8017.467844440569
1039,3222.7278,8017.884928404194
1040,3222.8528,8018.302065669284
1041,3222.9778,8018.720002456349
1042,3223.1028,8019.138436723754
1043,3223.2278,8019.561952397489
1044,3223.3528,8019.992290658744
1045,3223.4778,8020.436114190645
1046,3223.6028,8020.891770647775
1047,3223.7278,8021.3425233701255
1048,3223.8528,8021.786133696165
1049,3223.9778,8022.21515718795
1050,3224.1028,8022.638761697461
1051,3224.2278,8023.061211341896
1052,3224.3528,8023.480676104291
1053,3224.4778,8023.897315889041
1054,3224.6028,8024.311823615191
1055,3224.7278,8024.723897241106
1056,3224.8528,8025.135615523921
1057,3224.9778,8025.550016647141
1058,3225.1028,8025.969552478156
1059,3225.2278,8026.393459029301
1060,3225.3528,8026.821985040746
1061,3225.4778,8027.249906968921
1062,3225.6028,8027.679641146906
1063,3225.7278,8028.115771500691
1064,3225.8528,8028.553909542991
1065,3225.9778,8029.002352535192
1066,3226.1028,8029.444807996157
1067,3226.2278,8029.879676881937
1068,3226.3528,8030.308913579582
1069,3226.4778,8030.733903927182
1070,3226.6028,8031.1620568283715
1071,3226.7278,8031.596641439672
1072,3226.8528,8032.034974920677
1073,3226.9778,8032.475209487267
1074,3227.1028,8032.915248615152
1075,3227.2278,8033.351236831698
1076,3227.3528,8033.786265621873
1077,3227.4778,8034.2175277751885
1078,3227.6028,8034.646036019479
1079,3227.7278,8035.073122891369
1080,3227.8528,8035.499641214299
1081,3227.9778,8035.927598676784
1082,3228.1028,8036.357155183219
1083,3228.2278,8036.78783102042
1084,3228.3528,8037.21975055847
1085,3228.4778,8037.653038167455
1086,3228.6028,8038.087054229794
1087,3228.7278,8038.520164167229
1088,3228.8528,8038.952954295874
1089,3228.9778,8039.386490645029
1090,3229.1028,8039.821270695034
1091,3229.2278,8040.257241144424
1092,3229.3528,8040.694526363284
1093,3229.4778,8041.13293091291
1094,3229.6028,8041.571832942875
1095,3229.7278,8042.012920332904
1096,3229.8528,8042.455695602659
1097,3229.9778,8042.896409882434
1098,3230.1028,8043.341654786735
1099,3230.2278,8043.786082401904
1100,3230.3528,8044.23066992147
1101,3230.4778,8044.674226946045
1102,3230.6028,8045.114781321425
1103,3230.7278,8045.554767147844
1104,3230.8528,8045.997844459234
1105,3230.9778,8046.452967901714
1106,3231.1028,8046.926302678069
1107,3231.2278,8047.4149705091895
1108,3231.3528,8047.907156236999
1109,3231.4778,8048.397387577759
1110,3231.6028,8048.886552889219
1111,3231.7278,8049.370992137449
1112,3231.8528,8049.84544624457
1113,3231.9778,8050.3095421003245
1114,3232.1028,8050.77413543642
1115,3232.2278,8051.228139548135
1116,3232.3528,8051.67990499832
1117,3232.4778,8052.1278327430255
1118,3232.6028,8052.570981123035
1119,3232.7278,8053.012139581685
1120,3232.8528,8053.45200103802
1121,3232.9778,8053.89010354601
1122,3233.1028,8054.32760197073
1123,3233.2278,8054.764229804855
1124,3233.3528,8055.199844911145
1125,3233.4778,8055.636099635015
1126,3233.6028,8056.073420388185
1127,3233.7278,8056.512517856855
1128,3233.8528,8056.95287679353
1129,3233.9778,8057.39343116891
1130,3234.1028,8057.8329550493
1131,3234.2278,8058.270151432385
1132,3234.3528,8058.70535789411
1133,3234.4778,8059.138432297235
1134,3234.6028,8059.570138629425
1135,3234.7278,8060.00154291998
1136,3234.8528,8060.433355855101
1137,3234.9778,8060.865346461771
1138,3235.1028,8061.297390369906
1139,3235.2278,8061.729238839336
1140,3235.3528,8062.160376622566
1141,3235.4778,8062.589915361847
1142,3235.6028,8063.016540287706
1143,3235.7278,8063.4517822837415
1144,3235.8528,8063.8972403939015
1145,3235.9778,8064.354371524896
1146,3236.1028,8064.8158200745565
1147,3236.2278,8065.265915412171
1148,3236.3528,8065.712421784476
1149,3236.4778,8066.153882284761
1150,3236.6028,8066.592748780416
1151,3236.7278,8067.028506023946
1152,3236.8528,8067.45966157433
1153,3236.9778,8067.888365257325
1154,3237.1028,8068.319005560215
1155,3237.2278,8068.750303247841
1156,3237.3528,8069.18197404572
1157,3237.4778,8069.61350270636
1158,3237.6028,8070.044160776405
1159,3237.7278,8070.47567166989
1160,3237.8528,8070.908639470085
1161,3237.9778,8071.3419093119155
1162,3238.1028,8071.774894879266
1163,3238.2278,8072.208058118166
1164,3238.3528,8072.642838168172
1165,3238.4778,8073.078328904377
1166,3238.6028,8073.519025416997
1167,3238.7278,8073.961676316667
1168,3238.8528,8074.403723133067
1169,3238.9778,8074.844792755942
1170,3239.1028,8075.281083014122
1171,3239.2278,8075.716591517482
1172,3239.3528,8076.152739638422
1173,3239.4778,8076.589776117112
1174,3239.6028,8077.0273100761415
1175,3239.7278,8077.464950638101
1176,3239.8528,8077.901880513861
1177,3239.9778,8078.338206306351
1178,3240.1028,8078.773785878331
1179,3240.2278,8079.207784173516
1180,3240.3528,8079.639792547341
1181,3240.4778,8080.072458305901
1182,3240.6028,8080.502618895606
1183,3240.7278,8080.926667583991
1184,3240.8528,8081.343716013306
1185,3240.9778,8081.754137293806
1186,3241.1028,8082.158535508761
1187,3241.2278,8082.560339719086
1188,3241.3528,8082.960207309517
1189,3241.4778,8083.357960608501
1190,3241.6028,8083.756655566702
1191,3241.7278,8084.1603786297665
1192,3241.8528,8084.569094263386
1193,3241.9778,8084.978982529236
1194,3242.1028,8085.3851396925365
1195,3242.2278,8085.782928525831
1196,3242.3528,8086.171442904216
1197,3242.4778,8086.553792079816
1198,3242.6028,8086.928803420401
1199,3242.7278,8087.301629400921
1200,3242.8528,8087.673762462397
1201,3242.9778,8088.045326974911
1202,3243.1028,8088.415736622352
1203,3243.2278,8088.784316252827
1204,3243.3528,8089.149839932642
1205,3243.4778,8089.515043803667
1206,3243.6028,8089.880780689342
1207,3243.7278,8090.248223221897
1208,3243.8528,8090.619361322692
1209,3243.9778,8090.995154418098
1210,3244.1028,8091.376846208963
1211,3244.2278,8091.762997555733
1212,3244.3528,8092.150037260253
1213,3244.4778,8092.534980440483
1214,3244.6028,8092.918058069438
1215,3244.7278,8093.299252379963
1216,3244.8528,8093.679949210148
1217,3244.9778,8094.059100297848
1218,3245.1028,8094.4365102043585
1219,3245.2278,8094.812783012949
1220,3245.3528,8095.186195309584
1221,3245.4778,8095.558381672524
1222,3245.6028,8095.929448704699
1223,3245.7278,8096.300551271184
1224,3245.8528,8096.672328989559
1225,3245.9778,8097.043786899144
1226,3246.1028,8097.415404713124
1227,3246.2278,8097.786596115384
1228,3246.3528,8098.158604806774
1229,3246.4778,8098.534717710969
1230,3246.6028,8098.918381656039
1231,3246.7278,8099.309543340519
1232,3246.8528,8099.709393163794
1233,3246.9778,8100.109633864478
1234,3247.1028,8100.508346589833
1235,3247.2278,8100.906046587354
1236,3247.3528,8101.302698322728
1237,3247.4778,8101.699012482159
1238,3247.6028,8102.0984536608685
1239,3247.7278,8102.498445621383
1240,3247.8528,8102.898419814744
1241,3247.9778,8103.298944789909
1242,3248.1028,8103.698243831379
1243,3248.2278,8104.094753429514
1244,3248.3528,8104.488207076989
1245,3248.4778,8104.877805251829
1246,3248.6028,8105.263032706539
1247,3248.7278,8105.644120414134
1248,3248.8528,8106.022365376929
1249,3248.9778,8106.399917420679
1250,3249.1028,8106.77729179288
1251,3249.2278,8107.1547905351645
1252,3249.3528,8107.532466948999
1253,3249.4778,8107.9099479241295
1254,3249.6028,8108.289454354929
1255,3249.7278,8108.670737501229
1256,3249.8528,8109.056782245069
1257,3249.9778,8109.447979463859
1258,3250.1028,8109.841788454434
1259,3250.2278,8110.238742231444
1260,3250.3528,8110.633617251319
1261,3250.4778,8111.028136928095
1262,3250.6028,8111.4209864923
1263,3250.7278,8111.809731843699
1264,3250.8528,8112.1934313230795
1265,3250.9778,8112.571818423115
1266,3251.1028,8112.94874861644
1267,3251.2278,8113.32448841038
1268,3251.3528,8113.699375380879
1269,3251.4778,8114.0739958440545
1270,3251.6028,8114.4471060990545
1271,3251.7278,8114.818919351739
1272,3251.8528,8115.190732604424
1273,3251.9778,8115.563007803139
1274,3252.1028,8115.936704374254
1275,3252.2278,8116.313794471974
1276,3252.3528,8116.6938161502685
1277,3252.4778,8117.077142519393
1278,3252.6028,8117.463382701939
1279,3252.7278,8117.852199121959
1280,3252.8528,8118.243716149539
1281,3252.9778,8118.638875443894
1282,3253.1028,8119.039009541649
1283,3253.2278,8119.443816401169
1284,3253.3528,8119.850151236019
1285,3253.4778,8120.256219563544
1286,3253.6028,8120.661914780813
1287,3253.7278,8121.058335543174
1288,3253.8528,8121.448786541454
1289,3253.9778,8121.831597663084
1290,3254.1028,8122.209664954329
1291,3254.2278,8122.5876611769545
1292,3254.3528,8122.966439154399
1293,3254.4778,8123.348894932929
1294,3254.6028,8123.737462612779
1295,3254.7278,8124.133154921785
1296,3254.8528,8124.53396417143
1297,3254.9778,8124.936372465025
1298,3255.1028,8125.342956040045
1299,3255.2278,8125.742574890304
1300,3255.3528,8126.134020849264
1301,3255.4778,8126.5159080788335
1302,3255.6028,8126.889338142623
1303,3255.7278,8127.260689449278
1304,3255.8528,8127.632609304893
1305,3255.9778,8128.005204312398
1306,3256.1028,8128.378030292918
1307,3256.2278,8128.7506075332685
1308,3256.3528,8129.122438553109
1309,3256.4778,8129.492581693224
1310,3256.6028,8129.867290992173
1311,3256.7278,8130.249320358983
1312,3256.8528,8130.6390429039075
1313,3256.9778,8131.034184431108
1314,3257.1028,8131.430338686143
1315,3257.2278,8131.824556321283
1316,3257.3528,8132.216748500753
1317,3257.4778,8132.608070089628
1318,3257.6028,8133.000013528928
1319,3257.7278,8133.392898627443
1320,3257.8528,8133.783367392878
1321,3257.9778,8134.168736984828
1322,3258.1028,8134.547088550553
1323,3258.2278,8134.920429778568
1324,3258.3528,8135.291585646518
1325,3258.4778,8135.662101896888
1326,3258.6028,8136.033062326133
1327,3258.7278,8136.404715674424
1328,3258.8528,8136.776759900124
1329,3258.9778,8137.149354907629
1330,3259.1028,8137.522251956769
1331,3259.2278,8137.8933722904085
1332,3259.3528,8138.263160087424
1333,3259.4778,8138.631739717899
1334,3259.6028,8139.000514787079
1335,3259.7278,8139.3704980227985
1336,3259.8528,8139.741600589284
1337,3259.9778,8140.113413841968
1338,3260.1028,8140.484463106988
1339,3260.2278,8140.857164717423
1340,3260.3528,8141.232975579983
1341,3260.4778,8141.612162201993
1342,3260.6028,8141.994280404578
1343,3260.7278,8142.373555862363
1344,3260.8528,8142.750912467408
1345,3260.9778,8143.128020332283
1346,3261.1028,8143.506123157838
1347,3261.2278,8143.885594054328
1348,3261.3528,8144.266130980118
1349,3261.4778,8144.648266949858
1350,3261.6028,8145.030758262698
1351,3261.7278,8145.412378984944
1352,3261.8528,8145.792542800478
1353,3261.9778,8146.171640586714
1354,3262.1028,8146.550809441569
1355,3262.2278,8146.930600146849
1356,3262.3528,8147.310959401089
1357,3262.4778,8147.69199380722
1358,3262.6028,8148.074076475495
1359,3262.7278,8148.457651584789
1360,3262.8528,8148.843323218374
1361,3262.9778,8149.2303984572045
1362,3263.1028,8149.618450889559
1363,3263.2278,8150.007267309579
1364,3263.3528,8150.396758881489
1365,3263.4778,8150.787725127265
1366,3263.6028,8151.1802726498345
1367,3263.7278,8151.574223777649
1368,3263.8528,8151.9697917165695
1369,3263.9778,8152.366994233749
1370,3264.1028,8152.764534326874
1371,3264.2278,8153.162038885689
1372,3264.3528,8153.558797223994
1373,3264.4778,8153.955555562298
1374,3264.6028,8154.352971285338
1375,3264.7278,8154.751097694578
1376,3264.8528,8155.151960245687
1377,3264.9778,8155.554297470662
1378,3265.1028,8155.957363148992
1379,3265.2278,8156.359771442587
1380,3265.3528,8156.760829432402
1381,3265.4778,8157.162313833936
1382,3265.6028,8157.563211919356
1383,3265.7278,8157.962919605391
1384,3265.8528,8158.360299794121
1385,3265.9778,8158.754712867965
1386,3266.1028,8159.14642533425
1387,3266.2278,8159.53694740115
1388,3266.3528,8159.926438973061
1389,3266.4778,8160.3168722041855
1390,3266.6028,8160.708495834696
1391,3266.7278,8161.101221028816
1392,3266.8528,8161.496238185931
1393,3266.9778,8161.893032058546
1394,3267.1028,8162.291531578041
1395,3267.2278,8162.691185962611
1396,3267.3528,8163.091231224591
1397,3267.4778,8163.491169883641
1398,3267.6028,8163.891854763201
1399,3267.7278,8164.291580216391
1400,3267.8528,8164.690186338816
1401,3267.9778,8165.087619829011
1402,3268.1028,8165.48386291982
1403,3268.2278,8165.878951145555
1404,3268.3528,8166.272493628805
1405,3268.4778,8166.664899014135
1406,3268.6028,8167.056487110335
1407,3268.7278,8167.447684329125
1408,3268.8528,8167.83897038369
1409,3268.9778,8168.230718384285
1410,3269.1028,8168.62196890454
1411,3269.2278,8169.012757478765
1412,3269.3528,8169.402568859465
1413,3269.4778,8169.79136751233
1414,3269.6028,8170.180095096575
1415,3269.7278,8170.56914248961
1416,3269.8528,8170.9587051301405
1417,3269.9778,8171.348285537825
1418,3270.1028,8171.737457300946
1419,3270.2278,8172.127091010096
1420,3270.3528,8172.520686794811
1421,3270.4778,8172.922011291951
1422,3270.6028,8173.329447690411
1423,3270.7278,8173.743795512166
1424,3270.8528,8174.165161360146
1425,3270.9778,8174.592585807981
1426,3271.1028,8175.029213642106
1427,3271.2278,8175.463229704445
1428,3271.3528,8175.89029880918
1429,3271.4778,8176.308200061935
1430,3271.6028,8176.717022298485
1431,3271.7278,8177.11967933225
1432,3271.8528,8177.519404785439
1433,3271.9778,8177.9193789788
1434,3272.1028,8178.319264336385
1435,3272.2278,8178.718030363205
1436,3272.3528,8179.114913071595
1437,3272.4778,8179.5088286651
1438,3272.6028,8179.901571626375
1439,3272.7278,8180.29395924455
1440,3272.8528,8180.68618695833
1441,3272.9778,8181.077579615825
1442,3273.1028,8181.466538173085
1443,3273.2278,8181.8533824389
1444,3273.3528,8182.23829008482
1445,3273.4778,8182.6230022920345
1446,3273.6028,8183.008158678124
1447,3273.7278,8183.393119625509
1448,3273.8528,8183.777369886694
1449,3273.9778,8184.160198775479
1450,3274.1028,8184.542690088319
1451,3274.2278,8184.924950428144
1452,3274.3528,8185.306446780304
1453,3274.4778,8185.686521760064
1454,3274.6028,8186.064962161564
1455,3274.7278,8186.443544700304
1456,3274.8528,8186.823086665414
1457,3274.9778,8187.2039078656835
1458,3275.1028,8187.585635190859
1459,3275.2278,8187.966936104313
1460,3275.3528,8188.348023811908
1461,3275.4778,8188.728916080799
1462,3275.6028,8189.1099327197735
1463,3275.7278,8189.491251400384
1464,3275.8528,8189.872570080994
1465,3275.9778,8190.252893800924
1466,3276.1028,8190.633270822319
1467,3276.2278,8191.013487939319
1468,3276.3528,8191.394149235194
1469,3276.4778,8191.775858793214
1470,3276.6028,8192.157799324248
1471,3276.7278,8192.542245024139
1472,3276.8528,8192.928698412543
1473,3276.9778,8193.317479298254
1474,3277.1028,8193.709742546343
1475,3277.2278,8194.10717603654
1476,3277.3528,8194.511183374085
1477,3277.4778,8194.922137669235
1478,3277.6028,8195.33787132908
1479,3277.7278,8195.758011243366
1480,3277.8528,8196.182894988036
1481,3277.9778,8196.611118957846
1482,3278.1028,8197.029944102662
1483,3278.2278,8197.438730804903
1484,3278.3528,8197.838882669812
1485,3278.4778,8198.233082537798
1486,3278.6028,8198.624386359517
1487,3278.7278,8199.014677453402
1488,3278.8528,8199.404115723848
1489,3278.9778,8199.792434663528
1490,3279.1028,8200.179207860723
1491,3279.2278,8200.564346479658
1492,3279.3528,8200.948312466362
1493,3279.4778,8201.331336793852
1494,3279.6028,8201.714165682637
1495,3279.7278,8202.096603694012
1496,3279.8528,8202.478704129442
1497,3279.9778,8202.860662427633
1498,3280.1028,8203.241927806777
1499,3280.2278,8203.625414080298
1500,3280.3528,8204.011903003013
1501,3280.4778,8204.400666121568
1502,3280.6028,8204.790228762098
1503,3280.7278,8205.179347223753
1504,3280.8528,8205.569211905919
1505,3280.9778,8205.962630019083
1506,3281.1028,8206.360099043588
1507,3281.2278,8206.759291482127
1508,3281.3528,8207.156973712492
1509,3281.4778,8207.552346212708
1510,3281.6028,8207.945266845532
1511,3281.7278,8208.337050380438
1512,3281.8528,8208.728052160523
1513,3281.9778,8209.118432090183
1514,3282.1028,8209.508403375277
1515,3282.2278,8209.898143687358
1516,3282.3528,8210.287741862197
1517,3282.4778,8210.677251201263
1518,3282.6028,8211.067080349118
1519,3282.7278,8211.457833389033
1520,3282.8528,8211.849901198419
1521,3282.9778,8212.244207669333
1522,3283.1028,8212.639384730843
1523,3283.2278,8213.035041505538
1524,3283.3528,8213.431266829193
1525,3283.4778,8213.828309441978
1526,3283.6028,8214.226098275274
1527,3283.7278,8214.623993711499
1528,3283.8528,8215.021285064453
1529,3283.9778,8215.417368250868
1530,3284.1028,8215.811976763418
1531,3284.2278,8216.205394876582
1532,3284.3528,8216.596947438473
1533,3284.4778,8216.986332407452
1534,3284.6028,8217.373229974732
1535,3284.7278,8217.757711208931
1536,3284.8528,8218.140557864872
1537,3284.9778,8218.523582192362
1538,3285.1028,8218.906340012527
1539,3285.2278,8219.289755217427
1540,3285.3528,8219.674271985938
1541,3285.4778,8220.060334496933
1542,3285.6028,8220.448529066529
1543,3285.7278,8220.836919074829
1544,3285.8528,8221.224722767014
1545,3285.9778,8221.611940143084
1546,3286.1028,8221.998180325629
1547,3286.2278,8222.383087971548
1548,3286.3528,8222.767551438594
1549,3286.4778,8223.151108780734
1550,3286.6028,8223.53503923313
1551,3286.7278,8223.919786974655
1552,3286.8528,8224.305511909704
1553,3286.9778,8224.692480545604
1554,3287.1028,8225.081154828384
1555,3287.2278,8225.469882412628
1556,3287.3528,8225.859089710058
1557,3287.4778,8226.248492446193
1558,3287.6028,8226.637504304917
1559,3287.7278,8227.026409560713
1560,3287.8528,8227.415048309183
1561,3287.9778,8227.803864729203
1562,3288.1028,8228.193231931029
1563,3288.2278,8228.58311438035
1564,3288.3528,8228.97317450122
1565,3288.4778,8229.36341229364
1566,3288.6028,8229.75368562037
1567,3288.7278,8230.143194959435
1568,3288.8528,8230.532348955401
1569,3288.9778,8230.921502951367
1570,3289.1028,8231.309679753807
1571,3289.2278,8231.698211899347
1572,3289.3528,8232.085660248433
1573,3289.4778,8232.472593350023
1574,3289.6028,8232.859473150149
1575,3289.7278,8233.24619304588
1576,3289.8528,8233.63284187299
1577,3289.9778,8234.01881554821
1578,3290.1028,8234.403456686805
1579,3290.2278,8234.786694220154
1580,3290.3528,8235.169043395754
1581,3290.4778,8235.551392571353
1582,3290.6028,8235.934559036083
1583,3290.7278,8236.318596091407
1584,3290.8528,8236.703290531466
1585,3290.9778,8237.087753998512
1586,3291.1028,8237.471027066173
1587,3291.2278,8237.853855954958
1588,3291.3528,8238.235245704187
1589,3291.4778,8238.617470509702
1590,3291.6028,8239.001614167957
1591,3291.7278,8239.388298529377
1592,3291.8528,8239.777950005682
1593,3291.9778,8240.168720812751
1594,3292.1028,8240.560948526532
1595,3292.2278,8240.954473242628
1596,3292.3528,8241.349081755177
1597,3292.4778,8241.744507556858
1598,3292.6028,8242.140004427158
1599,3292.7278,8242.534381966692
1600,3292.8528,8242.928439697438
1601,3292.9778,8243.321431398883
1602,3293.1028,8243.712895124998
1603,3293.2278,8244.103168451727
1604,3293.3528,8244.491398555632
1605,3293.4778,8244.877283395077
1606,3293.6028,8245.260858504373
1607,3293.7278,8245.642123883517
1608,3293.8528,8246.021221669753
1609,3293.9778,8246.398631576263
1610,3294.1028,8246.775561769588
1611,3294.2278,8247.152936141787
1612,3294.3528,8247.531056734497
1613,3294.4778,8247.909621506082
1614,3294.6028,8248.288132976202
1615,3294.7278,8248.667124159507
1616,3294.8528,8249.046666124617
1617,3294.9778,8249.427096447478
1618,3295.1028,8249.808219689383
1619,3295.2278,8250.189858178783
1620,3295.3528,8250.572385025933
1621,3295.4778,8250.955391586267
1622,3295.6028,8251.339268737198
1623,3295.7278,8251.723803272864
1624,3295.8528,8252.109137330504
1625,3295.9778,8252.495608486064
1626,3296.1028,8252.882932465063
1627,3296.2278,8253.271571213534
1628,3296.3528,8253.65951704296
1629,3296.4778,8254.045597321108
1630,3296.6028,8254.429918650912
1631,3296.7278,8254.813795801843
1632,3296.8528,8255.199183160948
1633,3296.9778,8255.587200058993
1634,3297.1028,8255.977224645554
1635,3297.2278,8256.368848276064
1636,3297.3528,8256.76208871768
1637,3297.4778,8257.15691043609
1638,3297.6028,8257.552602745094
1639,3297.7278,8257.949592056415
1640,3297.8528,8258.34709661523
1641,3297.9778,8258.744423502496
1642,3298.1028,8259.14164378683
1643,3298.2278,8259.538828536855
1644,3298.3528,8259.93665290446
1645,3298.4778,8260.33627175472
1646,3298.6028,8260.73827140375
1647,3298.7278,8261.142953893186
1648,3298.8528,8261.550905539141
1649,3298.9778,8261.963991892891
1650,3299.1028,8262.381200226602
1651,3299.2278,8262.800682756153
1652,3299.3528,8263.221959768358
1653,3299.4778,8263.646896814493
1654,3299.6028,8264.079473737278
1655,3299.7278,8264.522231239878
1656,3299.8528,8264.971313849659
1657,3299.9778,8265.42359454734
1658,3300.1028,8265.877083411558
1659,3300.2278,8266.330465672849
1660,3300.3528,8266.78313724794
1661,3300.4778,8267.227014081305
1662,3300.6028,8267.65699699946
1663,3300.7278,8268.070634135014
1664,3300.8528,8268.468458502619
1665,3300.9778,8268.85532053559
1666,3301.1028,8269.237438738175
1667,3301.2278,8269.616234482775
1668,3301.3528,8269.992613894296
1669,3301.4778,8270.366932315836
1670,3301.6028,8270.739083144466
1671,3301.7278,8271.111553781886
1672,3301.8528,8271.485765600495
1673,3301.9778,8271.862358217875
1674,3302.1028,8272.24369466564
1675,3302.2278,8272.633346141945
1676,3302.3528,8273.033622376941
1677,3302.4778,8273.441183145485
1678,3302.6028,8273.851888700465
1679,3302.7278,8274.265934480585
1680,3302.8528,8274.68387126765
1681,3302.9778,8275.1044198265
1682,3303.1028,8275.530103093146
1683,3303.2278,8275.949834362866
1684,3303.3528,8276.361783618695
1685,3303.4778,8276.767159027175
1686,3303.6028,8277.16942518353
1687,3303.7278,8277.574498550375
1688,3303.8528,8277.98408477459
1689,3303.9778,8278.394168479146
1690,3304.1028,8278.802191193721
1691,3304.2278,8279.207939712456
1692,3304.3528,8279.6130130793
1693,3304.4778,8280.016700608056
1694,3304.6028,8280.417740830715
1695,3304.7278,8280.817146475116
1696,3304.8528,8281.21429569083
1697,3304.9778,8281.60794477701
1698,3305.1028,8281.99836024098
1699,3305.2278,8282.39328856232
1700,3305.3528,8282.796336473495
1701,3305.4778,8283.208285729324
1702,3305.6028,8283.62650679087
1703,3305.7278,8284.04602485473
1704,3305.8528,8284.463179886974
1705,3305.9778,8284.879322191384
1706,3306.1028,8285.292657285303
1707,3306.2278,8285.699596203423
1708,3306.3528,8286.097011926464
1709,3306.4778,8286.484442508394
1710,3306.6028,8286.86478399548
1711,3306.7278,8287.241856326043
1712,3306.8528,8287.61700980387
1713,3306.9778,8287.990528703434
1714,3307.1028,8288.362395257584
1715,3307.2278,8288.733266851053
1716,3307.3528,8289.104245047454
1717,3307.4778,8289.475312079629
1718,3307.6028,8289.847427373948
1719,3307.7278,8290.221212780838
1720,3307.8528,8290.596081984182
1721,3307.9778,8290.972319258462
1722,3308.1028,8291.347419434822
1723,3308.2278,8291.720032209481
1724,3308.3528,8292.09065506278
1725,3308.4778,8292.4609936416
1726,3308.6028,8292.83211397524
1727,3308.7278,8293.204495776885
1728,3308.8528,8293.577357291715
1729,3308.9778,8293.94981016198
1730,3309.1028,8294.32171225044
1731,3309.2278,8294.693916380535
1732,3309.3528,8295.066529155194
1733,3309.4778,8295.440225726308
1734,3309.6028,8295.815023861032
1735,3309.7278,8296.190106270238
1736,3309.8528,8296.564673431949
1737,3309.9778,8296.93931166228
1738,3310.1028,8297.315993115435
1739,3310.2278,8297.695286340375
1740,3310.3528,8298.07722687141
1741,3310.4778,8298.46117509096
1742,3310.6028,8298.846882258857
1743,3310.7278,8299.238630259451
1744,3310.8528,8299.634837815951
1745,3310.9778,8300.035398325426
1746,3311.1028,8300.437682248936
1747,3311.2278,8300.839557527881
1748,3311.3528,8301.24301408362
1749,3311.4778,8301.648158519085
1750,3311.6028,8302.056376672364
1751,3311.7278,8302.469711766284
1752,3311.8528,8302.888270403773
1753,3311.9778,8303.309707320373
1754,3312.1028,8303.730735592408
1755,3312.2278,8304.148885585333
1756,3312.3528,8304.562487186578
1757,3312.4778,8304.972872932769
1758,3312.6028,8305.381517497768
1759,3312.7278,8305.787674661067
1760,3312.8528,8306.193032302392
1761,3312.9778,8306.592526782566
1762,3313.1028,8306.986708883396
1763,3313.2278,8307.37689337435
1764,3313.3528,8307.764501627831
1765,3313.4778,8308.152394155792
1766,3313.6028,8308.538758708422
1767,3313.7278,8308.924767917952
1768,3313.8528,8309.310013139817
1769,3313.9778,8309.694370003932
1770,3314.1028,8310.079206581231
1771,3314.2278,8310.46581987403
1772,3314.3528,8310.852273262435
1773,3314.4778,8311.237642854385
1774,3314.6028,8311.620773784805
1775,3314.7278,8312.001168573355
1776,3314.8528,8312.38079937424
1777,3314.9778,8312.760288037884
1778,3315.1028,8313.139439125584
1779,3315.2278,8313.518288171648
1780,3315.3528,8313.896781874613
1781,3315.4778,8314.274635959999
1782,3315.6028,8314.652170236594
1783,3315.7278,8315.027821194759
1784,3315.8528,8315.400984751224
1785,3315.9778,8315.77194518047
1786,3316.1028,8316.141697443174
1787,3316.2278,8316.511520774498
1788,3316.3528,8316.881699448923
1789,3316.4778,8317.252286767913
1790,3316.6028,8317.623371567242
1791,3316.7278,8317.994669572432
1792,3316.8528,8318.365754371762
1793,3316.9778,8318.737567624446
1794,3317.1028,8319.109380877131
1795,3317.2278,8319.480394607841
1796,3317.3528,8319.850289007785
1797,3317.4778,8320.219419420066
1798,3317.6028,8320.588940709755
1799,3317.7278,8320.96004327624
1800,3317.8528,8321.330790499625
1801,3317.9778,8321.700738201036
1802,3318.1028,8322.069335598666
1803,3318.2278,8322.436422788121
1804,3318.3528,8322.8044871711
1805,3318.4778,8323.171965237965
1806,3318.6028,8323.539709812156
1807,3318.7278,8323.90757875643
1808,3318.8528,8324.27507459045
1809,3318.9778,8324.642126245595
1810,3319.1028,8325.009302270824
1811,3319.2278,8325.37756209251
1812,3319.3528,8325.748629124684
1813,3319.4778,8326.123480560875
1814,3319.6028,8326.503626609254
1815,3319.7278,8326.89445071779
1816,3319.8528,8327.297960574995
1817,3319.9778,8327.71575522482
1818,3320.1028,8328.140994312591
1819,3320.2278,8328.567601471295
1820,3320.3528,8328.995860975416
1821,3320.4778,8329.429912572066
1822,3320.6028,8329.85811877472
1823,3320.7278,8330.28417515162
1824,3320.8528,8330.707371016566
1825,3320.9778,8331.12409963709
1826,3321.1028,8331.535071699396
1827,3321.2278,8331.93435297371
1828,3321.3528,8332.32515931509
1829,3321.4778,8332.708769958695
1830,3321.6028,8333.086997154336
1831,3321.7278,8333.46254150957
1832,3321.8528,8333.836060409136
1833,3321.9778,8334.209579308701
1834,3322.1028,8334.583169276886
1835,3322.2278,8334.956190696112
1836,3322.3528,8335.327737441472
1837,3322.4778,8335.697187662541
1838,3322.6028,8336.066744486541
1839,3322.7278,8336.435466254256
1840,3322.8528,8336.805982504626
1841,3322.9778,8337.178986156696
1842,3323.1028,8337.552664960656
1843,3323.2278,8337.92724988952
1844,3323.3528,8338.29915197798
1845,3323.4778,8338.668300157417
1846,3323.6028,8339.036275704622
1847,3323.7278,8339.404340087602
1848,3323.8528,8339.772368936272
1849,3323.9778,8340.146118808852
1850,3324.1028,8340.524363771647
1851,3324.2278,8340.906108863977
1852,3324.3528,8341.287232105882
1853,3324.4778,8341.663220639992
1854,3324.6028,8342.037023814037
1855,3324.7278,8342.414451487703
1856,3324.8528,8342.799216996382
1857,3324.9778,8343.194749400991
1858,3325.1028,8343.59578962365
1859,3325.2278,8343.98766199433
1860,3325.3528,8344.378841445965
1861,3325.4778,8344.76319831008
1862,3325.6028,8345.144890100944
1863,3325.7278,8345.52377468132
1864,3325.8528,8345.896938237785
1865,3325.9778,8346.26661943187
1866,3326.1028,8346.63596305001
1867,3326.2278,8347.004649283415
1868,3326.3528,8347.37244715907
1869,3326.4778,8347.739250074046
1870,3326.6028,8348.105217932736
1871,3326.7278,8348.470688311087
1872,3326.8528,8348.836354128141
1873,3326.9778,8349.202268685367
1874,3327.1028,8349.568467517072
1875,3327.2278,8349.934861787482
1876,3327.3528,8350.300989550567
1877,3327.4778,8350.666761970553
1878,3327.6028,8351.032214581748
1879,3327.7278,8351.397045342517
1880,3327.8528,8351.761467458722
1881,3327.9778,8352.126120547942
1882,3328.1028,8352.490240622512
1883,3328.2278,8352.855337890607
1884,3328.3528,8353.220932639042
1885,3328.4778,8353.587167005056
1886,3328.6028,8353.954236427357
1887,3328.7278,8354.321554589827
1888,3328.8528,8354.688410806268
1889,3328.9778,8355.054609637973
1890,3329.1028,8355.419937879084
1891,3329.2278,8355.784431063908
1892,3329.3528,8356.148462302703
1893,3329.4778,8356.512653445892
1894,3329.6028,8356.877359836577
1895,3329.7278,8357.243167790872
1896,3329.8528,8357.609739732832
1897,3329.9778,8357.976347209102
1898,3330.1028,8358.342439437876
1899,3330.2278,8358.707696610367
1900,3330.3528,8359.071887753556
1901,3330.4778,8359.435314909082
1902,3330.6028,8359.798191282802
1903,3330.7278,8360.160872217817
1904,3330.8528,8360.524619182132
1905,3330.9778,8360.888916928252
1906,3331.1028,8361.254298470827
1907,3331.2278,8361.620106425122
1908,3331.3528,8361.985736707868
1909,3331.4778,8362.351313689147
1910,3331.6028,8362.716428724398
1911,3331.7278,8363.081774732662
1912,3331.8528,8363.447262878168
1913,3331.9778,8363.812928695223
1914,3332.1028,8364.178878786757
1915,3332.2278,8364.544828878292
1916,3332.3528,8364.911898300592
1917,3332.4778,8365.279642874782
1918,3332.6028,8365.647440750437
1919,3332.7278,8366.015043187388
1920,3332.8528,8366.382734460112
1921,3332.9778,8366.750727774472
1922,3333.1028,8367.119733816668
1923,3333.2278,8367.489361709288
1924,3333.3528,8367.859025136218
1925,3333.4778,8368.228635261683
1926,3333.6028,8368.598973840502
1927,3333.7278,8368.967748909683
1928,3333.8528,8369.335671155422
1929,3333.9778,8369.702331933158
1930,3334.1028,8370.067624639958
1931,3334.2278,8370.432028989007
1932,3334.3528,8370.795687117547
1933,3334.4778,8371.158794464282
1934,3334.6028,8371.522292688427
1935,3334.7278,8371.886466064461
1936,3334.8528,8372.251172455146
1937,3334.9778,8372.616269723241
1938,3335.1028,8372.981757868747
1939,3335.2278,8373.346801835378
1940,3335.3528,8373.711739199078
1941,3335.4778,8374.076338986833
1942,3335.6028,8374.439979348219
1943,3335.7278,8374.803193297885
1944,3335.8528,8375.165607725574
1945,3335.9778,8375.528022153263
1946,3336.1028,8375.890934061294
1947,3336.2278,8376.254165778113
1948,3336.3528,8376.616988850368
1949,3336.4778,8376.979438812368
1950,3336.6028,8377.341657801353
1951,3336.7278,8377.704320969213
1952,3336.8528,8378.067446083103
1953,3336.9778,8378.430873238629
1954,3337.1028,8378.795544095005
1955,3337.2278,8379.161369816455
1956,3337.3528,8379.529327596505
1957,3337.4778,8379.89861791318
1958,3337.6028,8380.268618916056
1959,3337.7278,8380.639739249697
1960,3337.8528,8381.011428132297
1961,3337.9778,8381.384556154451
1962,3338.1028,8381.758785740216
1963,3338.2278,8382.133317367616
1964,3338.3528,8382.50740481614
1965,3338.4778,8382.880959250015
1966,3338.6028,8383.253536490365
1967,3338.7278,8383.62666451252
1968,3338.8528,8384.000965166904
1969,3338.9778,8384.376349617743
1970,3339.1028,8384.752267083233
1971,3339.2278,8385.128557658978
1972,3339.3528,8385.503622301028
1973,3339.4778,8385.878598107303
1974,3339.6028,8386.253716050818
1975,3339.7278,8386.628958364417
1976,3339.8528,8387.004875829907
1977,3339.9778,8387.380100376353
1978,3340.1028,8387.754756373837
1979,3340.2278,8388.129252466928
1980,3340.3528,8388.503961765879
1981,3340.4778,8388.879133010858
1982,3340.6028,8389.254997174883
1983,3340.7278,8389.631127846233
1984,3340.8528,8390.007489490597
1985,3340.9778,8390.383833367807
1986,3341.1028,8390.759946272003
1987,3341.2278,8391.135739367408
1988,3341.3528,8391.511248188333
1989,3341.4778,8391.886437200468
1990,3341.6028,8392.261786116998
1991,3341.7278,8392.637721349643
1992,3341.8528,8393.014509405728
1993,3341.9778,8393.392594464129
1994,3342.1028,8393.77213642924
1995,3342.2278,8394.152655587874
1996,3342.3528,8394.533974268483
1997,3342.4778,8394.916163539689
1998,3342.6028,8395.299383305884
1999,3342.7278,8395.683331525435
2000,3342.8528,8396.066906634731
2001,3342.9778,8396.449309111797
2002,3343.1028,8396.830894299732
2003,3343.2278,8397.212586090596
2004,3343.3528,8397.594633224562
2005,3343.4778,8397.976502686977
2006,3343.6028,8398.357430490178
2007,3343.7278,8398.737256729768
2008,3343.8528,8399.116372283159
2009,3343.9778,8399.495327932154
2010,3344.1028,8399.87389270374
2011,3344.2278,8400.252670681184
2012,3344.3528,8400.63127098708
2013,3344.4778,8401.009800224356
2014,3344.6028,8401.388524900336
2015,3344.7278,8401.76723180916
2016,3344.8528,8402.146720472805
2017,3344.9778,8402.52684875403
2018,3345.1028,8402.907296844045
2019,3345.2278,8403.288011441386
2020,3345.3528,8403.66920575191
2021,3345.4778,8404.050862008466
2022,3345.6028,8404.433619828631
2023,3345.7278,8404.81735484232
2024,3345.8528,8405.20290210582
2025,3345.9778,8405.590066180426
2026,3346.1028,8405.976341897282
2027,3346.2278,8406.362830819997
2028,3346.3528,8406.748626823666
2029,3346.4778,8407.135382253706
2030,3346.6028,8407.523843330626
2031,3346.7278,8407.91353034124
2032,3346.8528,8408.304265614
2033,3346.9778,8408.699282771115
2034,3347.1028,8409.098937155684
2035,3347.2278,8409.50468567442
2036,3347.3528,8409.91727454783
2037,3347.4778,8410.33597532256
2038,3347.6028,8410.763932785045
2039,3347.7278,8411.197344764114
2040,3347.8528,8411.633848228154
2041,3347.9778,8412.071168981323
2042,3348.1028,8412.507956719843
2043,3348.2278,8412.945561747492
2044,3348.3528,8413.386435931663
2045,3348.4778,8413.830472669422
2046,3348.6028,8414.277316617672
2047,3348.7278,8414.726026117198
2048,3348.8528,8415.175144261288
2049,3348.9778,8415.624280172533
2050,3349.1028,8416.072207917237
2051,3349.2278,8416.518927495403
2052,3349.3528,8416.964989688833
2053,3349.4778,8417.411176252348
2054,3349.6028,8417.858126803529
2055,3349.7278,8418.304579874368
2056,3349.8528,8418.750304491852
2057,3349.9778,8419.193932585047
2058,3350.1028,8419.635002207922
2059,3350.2278,8420.074277348142
2060,3350.3528,8420.511917910102
2061,3350.4778,8420.946751261572
2062,3350.6028,8421.379950034781
2063,3350.7278,8421.811265489561
2064,3350.8528,8422.240484420052
2065,3350.9778,8422.669081500117
2066,3351.1028,8423.096061769076
2067,3351.2278,8423.520714540731
2068,3351.3528,8423.942240293107
2069,3351.4778,8424.360141545862
2070,3351.6028,8424.774364997531
2071,3351.7278,8425.185479197076
2072,3351.8528,8425.595509600167
2073,3351.9778,8426.002697258456
2074,3352.1028,8426.407148774877
2075,3352.2278,8426.809290561147
2076,3352.3528,8427.20892717856
2077,3352.4778,8427.611690815256
2078,3352.6028,8428.019358186732
2079,3352.7278,8428.433297363921
2080,3352.8528,8428.85185600141
2081,3352.9778,8429.272173587246
2082,3353.1028,8429.694925273316
2083,3353.2278,8430.12078621151
2084,3353.3528,8430.551515350175
2085,3353.4778,8430.98487402778
2086,3353.6028,8431.41796619806
2087,3353.7278,8431.84935272146
2088,3353.8528,8432.276830470759
2089,3353.9778,8432.700275075873
2090,3354.1028,8433.121658691009
2091,3354.2278,8433.541763070984
2092,3354.3528,8433.959966365373
2093,3354.4778,8434.375167010568
2094,3354.6028,8434.784930906333
2095,3354.7278,8435.191105836788
2096,3354.8528,8435.595166475798
2097,3354.9778,8435.997290494912
2098,3355.1028,8436.396056521731
2099,3355.2278,8436.789048223176
2100,3355.3528,8437.175270638567
2101,3355.4778,8437.557228936757
2102,3355.6028,8437.936593230317
2103,3355.7278,8438.314447315703
2104,3355.8528,8438.692230332468
2105,3355.9778,8439.069942280614
2106,3356.1028,8439.448507052199
2107,3356.2278,8439.828208921705
2108,3356.3528,8440.208923519045
2109,3356.4778,8440.589993459485
2110,3356.6028,8440.969535424596
2111,3356.7278,8441.34596813758
2112,3356.8528,8441.720233257656
2113,3356.9778,8442.094018664546
2114,3357.1028,8442.46871019634
2115,3357.2278,8442.844592127522
2116,3357.3528,8443.220420757236
2117,3357.4778,8443.595947345317
2118,3357.6028,8443.971456166242
2119,3357.7278,8444.347284795957
2120,3357.8528,8444.723415467306
2121,3357.9778,8445.098799918145
2122,3358.1028,8445.47363358718
2123,3358.2278,8445.848325118975
2124,3358.3528,8446.223425295335
2125,3358.4778,8446.599236157896
2126,3358.6028,8446.975508966485
2127,3358.7278,8447.35126652758
2128,3358.8528,8447.726313402474
2129,3358.9778,8448.101342510214
2130,3359.1028,8448.476940166915
2131,3359.2278,8448.853248509815
2132,3359.3528,8449.22992996297
2133,3359.4778,8449.60602510001
2134,3359.6028,8449.98222683998
2135,3359.7278,8450.35917480046
2136,3359.8528,8450.73690451576
2137,3359.9778,8451.114723066834
2138,3360.1028,8451.491902000329
2139,3360.2278,8451.868583453484
2140,3360.3528,8452.245300440949
2141,3360.4778,8452.621715386778
2142,3360.6028,8452.997348577788
2143,3360.7278,8453.372679727163
2144,3360.8528,8453.747353491803
2145,3360.9778,8454.122347065233
2146,3361.1028,8454.497731516072
2147,3361.2278,8454.873720050182
2148,3361.3528,8455.250632476353
2149,3361.4778,8455.627207326577
2150,3361.6028,8456.003995382662
2151,3361.7278,8456.380712370126
2152,3361.8528,8456.758317715341
2153,3361.9778,8457.138055119156
2154,3362.1028,8457.520066718811
2155,3362.2278,8457.904743391717
2156,3362.3528,8458.290894738486
2157,3362.4778,8458.677401428356
2158,3362.6028,8459.063428405041
2159,3362.7278,8459.448744695526
2160,3362.8528,8459.834256424716
2161,3362.9778,8460.22145603363
2162,3363.1028,8460.608726711165
2163,3363.2278,8460.995055729485
2164,3363.3528,8461.37937705929
2165,3363.4778,8461.76044699973
2166,3363.6028,8462.141747913185
2167,3363.7278,8462.523173196725
2168,3363.8528,8462.905273632156
2169,3363.9778,8463.287978150856
2170,3364.1028,8463.670878108262
2171,3364.2278,8464.054382148937
2172,3364.3528,8464.437850655302
2173,3364.4778,8464.821603436147
2174,3364.6028,8465.205764861557
2175,3364.7278,8465.590334931532
2176,3364.8528,8465.975366947538
2177,3364.9778,8466.360843142418
2178,3365.1028,8466.747012256343
2179,3365.2278,8467.134513906893
2180,3365.3528,8467.523436929843
2181,3365.4778,8467.913497050713
2182,3365.6028,8468.304605433728
2183,3365.7278,8468.694985363389
2184,3365.8528,8469.084565771074
2185,3365.9778,8469.47354209549
2186,3366.1028,8469.862020939565
2187,3366.2278,8470.249771330286
2188,3366.3528,8470.636206951536
2189,3366.4778,8471.022784710027
2190,3366.6028,8471.410890443847
2191,3366.7278,8471.801163770577
2192,3366.8528,8472.193622457371
2193,3366.9778,8472.588088832681
2194,3367.1028,8472.985344651326
2195,3367.2278,8473.387290998891
2196,3367.3528,8473.79433651994
2197,3367.4778,8474.206712187492
2198,3367.6028,8474.624524604471
2199,3367.7278,8475.046352398482
2200,3367.8528,8475.474327628122
2201,3367.9778,8475.906975619528
2202,3368.1028,8476.344118701149
2203,3368.2278,8476.785827941603
2204,3368.3528,8477.231143914523
2205,3368.4778,8477.679604673878
2206,3368.6028,8478.131849837248
2207,3368.7278,8478.586440265077
2208,3368.8528,8479.041759146261
2209,3368.9778,8479.496740451501
2210,3369.1028,8479.950868933302
2211,3369.2278,8480.400466790577
2212,3369.3528,8480.846084805133
2213,3369.4778,8481.288433663167
2214,3369.6028,8481.729147942942
2215,3369.7278,8482.170537374608
2216,3369.8528,8482.609794747674
2217,3369.9778,8483.043864111478
2218,3370.1028,8483.469085432092
2219,3370.2278,8483.885671915377
2220,3370.3528,8484.297017087938
2221,3370.4778,8484.706336804828
2222,3370.6028,8485.113737668977
2223,3370.7278,8485.518864337286
2224,3370.8528,8485.919904559945
2225,3370.9778,8486.316964939886
2226,3371.1028,8486.712763851821
2227,3371.2278,8487.105702251802
2228,3371.3528,8487.495851208447
2229,3371.4778,8487.882251295387
2230,3371.6028,8488.264653772452
2231,3371.7278,8488.643875928772
2232,3371.8528,8489.021712247002
2233,3371.9778,8489.398926714806
2234,3372.1028,8489.776283319852
2235,3372.2278,8490.153782062138
2236,3372.3528,8490.531778284763
2237,3372.4778,8490.911018208239
2238,3372.6028,8491.291324161013
2239,3372.7278,8491.672713910242
2240,3372.8528,8492.055151921617
2241,3372.9778,8492.439082374012
2242,3373.1028,8492.825322556557
2243,3373.2278,8493.214689758383
2244,3373.3528,8493.606153484498
2245,3373.4778,8493.998594404138
2246,3373.6028,8494.390431240508
2247,3373.7278,8494.782765557218
2248,3373.8528,8495.178759907858
2249,3373.9778,8495.579213814402
2250,3374.1028,8495.983469892117
2251,3374.2278,8496.388258984482
2252,3374.3528,8496.792408459267
2253,3374.4778,8497.196184823797
2254,3374.6028,8497.600298764271
2255,3374.7278,8498.005052322327
2256,3374.8528,8498.409752578917
2257,3374.9778,8498.812800490092
2258,3375.1028,8499.213574205427
2259,3375.2278,8499.612038190611
2260,3375.3528,8500.006824374712
2261,3375.4778,8500.400615598131
2262,3375.6028,8500.792772243292
2263,3375.7278,8501.183774023377
2264,3375.8528,8501.573780842782
2265,3375.9778,8501.961975412378
2266,3376.1028,8502.348872979657
2267,3376.2278,8502.737529495282
2268,3376.3528,8503.128957687086
2269,3376.4778,8503.52415251575
2270,3376.6028,8503.922936309726
2271,3376.7278,8504.3220754468
2272,3376.8528,8504.72276032636
2273,3376.9778,8505.12468890677
2274,3377.1028,8505.52768351648
2275,3377.2278,8505.932366005916
2276,3377.3528,8506.339553664206
2277,3377.4778,8506.74626160931
2278,3377.6028,8507.149593794966
2279,3377.7278,8507.548839534971
2280,3377.8528,8507.943963295016
2281,3377.9778,8508.33599557009
2282,3378.1028,8508.727548131981
2283,3378.2278,8509.119313899731
2284,3378.3528,8509.510884228777
2285,3378.4778,8509.900944349647
2286,3378.6028,8510.288517068817
2287,3378.7278,8510.673708989218
2288,3378.8528,8511.058261292037
2289,3378.9778,8511.443133403647
2290,3379.1028,8511.827383664831
2291,3379.2278,8512.210727801112
2292,3379.3528,8512.593538922742
2293,3379.4778,8512.976563250231
2294,3379.6028,8513.361772937786
2295,3379.7278,8513.747178064046
2296,3379.8528,8514.133666986761
2297,3379.9778,8514.521897090666
2298,3380.1028,8514.911992745847
2299,3380.2278,8515.305375324702
2300,3380.3528,8515.697958381583
2301,3380.4778,8516.091980578018
2302,3380.6028,8516.488579011928
2303,3380.7278,8516.888180095033
2304,3380.8528,8517.290712758713
2305,3380.9778,8517.692019488699
2306,3381.1028,8518.092402326623
2307,3381.2278,8518.492980603254
2308,3381.3528,8518.894198497464
2309,3381.4778,8519.295878337705
2310,3381.6028,8519.697842452426
2311,3381.7278,8520.099095880945
2312,3381.8528,8520.49933658163
2313,3381.9778,8520.897658429574
2314,3382.1028,8521.29434569926
2315,3382.2278,8521.69137054489
2316,3382.3528,8522.08981676292
2317,3382.4778,8522.49075038265
2318,3382.6028,8522.891417495055
2319,3382.7278,8523.29123178402
2320,3382.8528,8523.691152675916
2321,3382.9778,8524.091375609445
2322,3383.1028,8524.49278894236
2323,3383.2278,8524.895499277589
2324,3383.3528,8525.298174078509
2325,3383.4778,8525.699285369788
2326,3383.6028,8526.098069163763
2327,3383.7278,8526.495662558353
2328,3383.8528,8526.896560643772
2329,3383.9778,8527.299892829427
2330,3384.1028,8527.703598125338
2331,3384.2278,8528.106059720398
2332,3384.3528,8528.507295381763
2333,3384.4778,8528.910307758628
2334,3384.6028,8529.314883645133
2335,3384.7278,8529.719637203189
2336,3384.8528,8530.123342499099
2337,3384.9778,8530.525697491228
2338,3385.1028,8530.927999181893
2339,3385.2278,8531.327724635083
2340,3385.3528,8531.725104823812
2341,3385.4778,8532.119073718783
2342,3385.6028,8532.509578018527
2343,3385.7278,8532.899140659058
2344,3385.8528,8533.287903777613
2345,3385.9778,8533.676258251602
2346,3386.1028,8534.064150779563
2347,3386.2278,8534.451599128648
2348,3386.3528,8534.838585531703
2349,3386.4778,8535.224417069683
2350,3386.6028,8535.609306948449
2351,3386.7278,8535.99332623662
2352,3386.8528,8536.37716785324
2353,3386.9778,8536.761933361919
2354,3387.1028,8537.14865325765
2355,3387.2278,8537.536936663018
2356,3387.3528,8537.92689018096
2357,3387.4778,8538.317536617944
2358,3387.6028,8538.707774410364
2359,3387.7278,8539.096732967624
2360,3387.8528,8539.48382597361
2361,3387.9778,8539.870030621845
2362,3388.1028,8540.255720022586
2363,3388.2278,8540.641800300735
2364,3388.3528,8541.028164853366
2365,3388.4778,8541.413641048246
2366,3388.6028,8541.799383750451
2367,3388.7278,8542.186654427986
2368,3388.8528,8542.576305904291
2369,3388.9778,8542.968089439197
2370,3389.1028,8543.361045606332
2371,3389.2278,8543.754250513637
2372,3389.3528,8544.146371624487
2373,3389.4778,8544.538652639732
2374,3389.6028,8544.930649380498
2375,3389.7278,8545.322468449713
2376,3389.8528,8545.714625094874
2377,3389.9778,8546.104241036868
2378,3390.1028,8546.494496596442
2379,3390.2278,8546.885160800583
2380,3390.3528,8547.276464622302
2381,3390.4778,8547.666986689203
2382,3390.6028,8548.052107540983
2383,3390.7278,8548.432235822209
2384,3390.8528,8548.809468057168
2385,3390.9778,8549.186220578944
2386,3391.1028,8549.563825924159
2387,3391.2278,8549.941857681093
2388,3391.3528,8550.317881749514
2389,3391.4778,8550.693603776299
2390,3391.6028,8551.067335881724
2391,3391.7278,8551.439504477508
2392,3391.8528,8551.810642578303
2393,3391.9778,8552.180057265063
2394,3392.1028,8552.550218172333
2395,3392.2278,8552.920912094252
2396,3392.3528,8553.290273479548
2397,3392.4778,8553.657573874863
2398,3392.6028,8554.023008718903
2399,3392.7278,8554.386151599949
2400,3392.8528,8554.748956905049
2401,3392.9778,8555.111264729809
2402,3393.1028,8555.473323814398
2403,3393.2278,8555.835738242087
2404,3393.3528,8556.199307534853
2405,3393.4778,8556.564120528468
2406,3393.6028,8556.929075659324
2407,3393.7278,8557.294101858799
2408,3393.8528,8557.659305729823
2409,3393.9778,8558.02479387533
2410,3394.1028,8558.390424158075
2411,3394.2278,8558.75441986256
2412,3394.3528,8559.117171866195
2413,3394.4778,8559.478662401825
2414,3394.6028,8559.839122442465
2415,3394.7278,8560.19920937285
2416,3394.8528,8560.559118631685
2417,3394.9778,8560.920644701626
2418,3395.1028,8561.283805349825
2419,3395.2278,8561.647996493015
2420,3395.3528,8562.0123475406
2421,3395.4778,8562.37589906621
2422,3395.6028,8562.738864275705
2423,3395.7278,8563.101847252356
2424,3395.8528,8563.465576449516
2425,3395.9778,8563.830442744596
2426,3396.1028,8564.196215164582
2427,3396.2278,8564.562111954652
2428,3396.3528,8564.927777771707
2429,3396.4778,8565.292750669718
2430,3396.6028,8565.657528129022
2431,3396.7278,8566.022572095653
2432,3396.8528,8566.387438390733
2433,3396.9778,8566.751522930994
2434,3397.1028,8567.114026194458
2435,3397.2278,8567.475463428624
2436,3397.3528,8567.837025032873
2437,3397.4778,8568.199954708058
2438,3397.6028,8568.564572262967
2439,3397.7278,8568.927661842547
2440,3397.8528,8569.288654897837
2441,3397.9778,8569.647515894527
2442,3398.1028,8570.005524067778
2443,3398.2278,8570.365095750667
2444,3398.3528,8570.725875600097
2445,3398.4778,8571.088005753307
2446,3398.6028,8571.450473482462
2447,3398.7278,8571.812745772912
2448,3398.8528,8572.174840391812
2449,3398.9778,8572.536810640628
2450,3399.1028,8572.899029629612
2451,3399.2278,8573.261710564628
2452,3399.3528,8573.625119952998
2453,3399.4778,8573.989417699118
2454,3399.6028,8574.354568268678
2455,3399.7278,8574.719860975478
2456,3399.8528,8575.085082613658
2457,3399.9778,8575.450393087613
2458,3400.1028,8575.816822892333
2459,3400.2278,8576.185224851259
2460,3400.3528,8576.554994881119
2461,3400.4778,8576.926559393634
2462,3400.6028,8577.298710222265
2463,3400.7278,8577.670718913656
2464,3400.8528,8578.04231896048
2465,3400.9778,8578.41347482843
2466,3401.1028,8578.783617968546
2467,3401.2278,8579.15351236849
2468,3401.3528,8579.52214530043
2469,3401.4778,8579.889694435915
2470,3401.6028,8580.25671055675
2471,3401.7278,8580.623229197245
2472,3401.8528,8580.990369688165
2473,3401.9778,8581.357847755029
2474,3402.1028,8581.72594767232
2475,3402.2278,8582.094669440034
2476,3402.3528,8582.46367548223
2477,3402.4778,8582.832752593045
2478,3402.6028,8583.201243387746
2479,3402.7278,8583.568970194781
2480,3402.8528,8583.936181754321
2481,3402.9778,8584.303197875157
2482,3403.1028,8584.670409434697
2483,3403.2278,8585.040250533177
2484,3403.3528,8585.412401361807
2485,3403.4778,8585.785458315342
2486,3403.6028,8586.157697979746
2487,3403.7278,8586.528196462961
2488,3403.8528,8586.898446206007
2489,3403.9778,8587.270294993003
2490,3404.1028,8587.643689522483
2491,3404.2278,8588.017652600924
2492,3404.3528,8588.390958294629
2493,3404.4778,8588.762789314469
2494,3404.6028,8589.13390964811
2495,3404.7278,8589.503128896165
2496,3404.8528,8589.8719217325
2497,3404.9778,8590.241034377625
2498,3405.1028,8590.610768873175
2499,3405.2278,8590.98215571414
2500,3405.3528,8591.354288775616
2501,3405.4778,8591.72638630278
2502,3405.6028,8592.098164021156
2503,3405.7278,8592.469604163585
2504,3405.8528,8592.840813333
2505,3405.9778,8593.212129105345
2506,3406.1028,8593.583924590874
2507,3406.2278,8593.956359693984
2508,3406.3528,8594.328670427009
2509,3406.4778,8594.699826294958
2510,3406.6028,8595.069400886114
2511,3406.7278,8595.43854906555
2512,3406.8528,8595.808550068425
2513,3406.9778,8596.17933282612
2514,3407.1028,8596.550257721054
2515,3407.2278,8596.9208628072
2516,3407.3528,8597.292071976613
2517,3407.4778,8597.664684751273
2518,3407.6028,8598.038470158162
2519,3407.7278,8598.412912949787
2520,3407.8528,8598.787604481582
2521,3407.9778,8599.162615822168
2522,3408.1028,8599.538177944558
2523,3408.2278,8599.913526861088
2524,3408.3528,8600.288005187023
2525,3408.4778,8600.661275346418
2526,3408.6028,8601.033408407893
2527,3408.7278,8601.404937386098
2528,3408.8528,8601.776466364303
2529,3408.9778,8602.148759330174
2530,3409.1028,8602.521922886639
2531,3409.2278,8602.896063636628
2532,3409.3528,8603.271519156087
2533,3409.4778,8603.646033016332
2534,3409.6028,8604.019800656068
2535,3409.7278,8604.393337322788
2536,3409.8528,8604.767335935538
2537,3409.9778,8605.142489413363
2538,3410.1028,8605.519153099363
2539,3410.2278,8605.896065525534
2540,3410.3528,8606.27232056697
2541,3410.4778,8606.647438510485
2542,3410.6028,8607.020975177205
2543,3410.7278,8607.392592991186
2544,3410.8528,8607.763393516036
2545,3410.9778,8608.134087437955
2546,3411.1028,8608.504852428494
2547,3411.2278,8608.875972762135
2548,3411.3528,8609.247590576115
2549,3411.4778,8609.61936829449
2550,3411.6028,8609.991821164755
2551,3411.7278,8610.364540542345
2552,3411.8528,8610.7369578783
2553,3411.9778,8611.10875336383
2554,3412.1028,8611.479998067554
2555,3412.2278,8611.850638688009
2556,3412.3528,8612.221297075619
2557,3412.4778,8612.592506245033
2558,3412.6028,8612.963893085998
2559,3412.7278,8613.334942351019
2560,3412.8528,8613.705902780264
2561,3412.9778,8614.075992618915
2562,3413.1028,8614.446011388945
2563,3413.2278,8614.81658094078
2564,3413.3528,8615.18816322045
2565,3413.4778,8615.560847063729
2566,3413.6028,8615.933815181488
2567,3413.7278,8616.306570093388
2568,3413.8528,8616.679111799427
2569,3413.9778,8617.052062150033
2570,3414.1028,8617.425652118218
2571,3414.2278,8617.799117716319
2572,3414.3528,8618.172991958983
2573,3414.4778,8618.545604733643
2574,3414.6028,8618.917098177539
2575,3414.7278,8619.287809866613
2576,3414.8528,8619.65813067828
2577,3414.9778,8620.029055573214
2578,3415.1028,8620.400868825898
2579,3415.2278,8620.772664311427
2580,3415.3528,8621.144424262648
2581,3415.4778,8621.516113145248
2582,3415.6028,8621.887197944578
2583,3415.7278,8622.257714194948
2584,3415.8528,8622.627892869372
2585,3415.9778,8622.999137573097
2586,3416.1028,8623.372283362407
2587,3416.2278,8623.746992661358
2588,3416.3528,8624.121559823068
2589,3416.4778,8624.494670078067
2590,3416.6028,8624.866589933683
2591,3416.7278,8625.238865132398
2592,3416.8528,8625.612348497652
2593,3416.9778,8625.986684686348
2594,3417.1028,8626.361749328398
2595,3417.2278,8626.737240382168
2596,3417.3528,8627.112020749739
2597,3417.4778,8627.486499075674
2598,3417.6028,8627.86140381333
2599,3417.7278,8628.236219715209
2600,3417.8528,8628.612510290954
2601,3417.9778,8628.988854168163
2602,3418.1028,8629.365198045372
2603,3418.2278,8629.741382018188
2604,3418.3528,8630.116855304803
2605,3418.4778,8630.491564603753
2606,3418.6028,8630.866025162533
2607,3418.7278,8631.240610091398
2608,3418.8528,8631.615585897673
2609,3418.9778,8631.990845978427
2610,3419.1028,8632.365804017547
2611,3419.2278,8632.741152934077
2612,3419.3528,8633.116572919227
2613,3419.4778,8633.491442122571
2614,3419.6028,8633.86558287256
2615,3419.7278,8634.239457115225
2616,3419.8528,8634.614344085725
2617,3419.9778,8634.98907115183
2618,3420.1028,8635.364295698275
2619,3420.2278,8635.74008879368
2620,3420.3528,8636.11618393072
2621,3420.4778,8636.492367903536
2622,3420.6028,8636.868658479281
2623,3420.7278,8637.243172339526
2624,3420.8528,8637.61697551357
2625,3420.9778,8637.9905477146
2626,3421.1028,8638.363569133826
2627,3421.2278,8638.735897634006
2628,3421.3528,8639.107444379366
2629,3421.4778,8639.478120534131
2630,3421.6028,8639.848299208556
2631,3421.7278,8640.2181936085
2632,3421.8528,8640.587945871204
2633,3421.9778,8640.959688055269
2634,3422.1028,8641.333420160694
2635,3422.2278,8641.709231023255
2636,3422.3528,8642.0865876283
2637,3422.4778,8642.465045796955
2638,3422.6028,8642.84513854387
2639,3422.7278,8643.227363349384
2640,3422.8528,8643.610210005325
2641,3422.9778,8643.99282568825
2642,3423.1028,8644.374908356525
2643,3423.2278,8644.756475777305
2644,3423.3528,8645.137012703095
2645,3423.4778,8645.51557747468
2646,3423.6028,8645.892756408175
2647,3423.7278,8646.269349025555
2648,3423.8528,8646.64588834147
2649,3423.9778,8647.022463191695
2650,3424.1028,8647.399197946315
2651,3424.2278,8647.77509764465
2652,3424.3528,8648.1505176298
2653,3424.4778,8648.525528970385
2654,3424.6028,8648.899723021841
2655,3424.7278,8649.272851043996
2656,3424.8528,8649.645677024515
2657,3424.9778,8650.018112127625
2658,3425.1028,8650.39067160082
2659,3425.2278,8650.76388845875
2660,3425.3528,8651.137798235726
2661,3425.4778,8651.51245423321
2662,3425.6028,8651.88783868405
2663,3425.7278,8652.264022656866
2664,3425.8528,8652.640792945796
2665,3425.9778,8653.017740906276
2666,3426.1028,8653.394617798136
2667,3426.2278,8653.77286276093
2668,3426.3528,8654.152919973536
2669,3426.4778,8654.534167585525
2670,3426.6028,8654.91575277346
2671,3426.7278,8655.29710698838
2672,3426.8528,8655.67711089952
2673,3426.9778,8656.05565790395
2674,3427.1028,8656.432090616934
2675,3427.2278,8656.807421766309
2676,3427.3528,8657.18337476611
2677,3427.4778,8657.560535932449
2678,3427.6028,8657.939811390233
2679,3427.7278,8658.319300053878
2680,3427.8528,8658.699179594933
2681,3427.9778,8659.079485547707
2682,3428.1028,8659.459489458846
2683,3428.2278,8659.839262396972
2684,3428.3528,8660.218893197856
2685,3428.4778,8660.597546805217
2686,3428.6028,8660.974938944571
2687,3428.7278,8661.351034081612
2688,3428.8528,8661.725619010476
2689,3428.9778,8662.100026267792
2690,3429.1028,8662.474344689332
2691,3429.2278,8662.849498167157
2692,3429.3528,8663.225913112987
2693,3429.4778,8663.603287485186
2694,3429.6028,8663.981265940656
2695,3429.7278,8664.3582672026
2696,3429.8528,8664.733918160766
2697,3429.9778,8665.109089405745
2698,3430.1028,8665.48495356977
2699,3430.2278,8665.861937064561
2700,3430.3528,8666.240288630286
2701,3430.4778,8666.618729031787
2702,3430.6028,8666.997329337682
2703,3430.7278,8667.376338288143
2704,3430.8528,8667.755969089027
2705,3430.9778,8668.136488247661
2706,3431.1028,8668.518375477232
2707,3431.2278,8668.901577476272
2708,3431.3528,8669.284690639537
2709,3431.4778,8669.666524567641
2710,3431.6028,8670.047168096362
2711,3431.7278,8670.427474049136
2712,3431.8528,8670.808881565521
2713,3431.9778,8671.190679959316
2714,3432.1028,8671.571856502685
2715,3432.2278,8671.952038085376
2716,3432.3528,8672.332432873925
2717,3432.4778,8672.712507853685
2718,3432.6028,8673.092405161895
2719,3432.7278,8673.471733921146
2720,3432.8528,8673.850476364281
2721,3432.9778,8674.229112204486
2722,3433.1028,8674.607410468747
2723,3433.2278,8674.985424458528
2724,3433.3528,8675.364166901663
2725,3433.4778,8675.744188579958
2726,3433.6028,8676.125329589018
2727,3433.7278,8676.506683803938
2728,3433.8528,8676.888038018858
2729,3433.9778,8677.26949883671
2730,3434.1028,8677.651936848084
2731,3434.2278,8678.034961175574
2732,3434.3528,8678.417026076693
2733,3434.4778,8678.798895539108
2734,3434.6028,8679.180658398593
2735,3434.7278,8679.562598929628
2736,3434.8528,8679.944326254803
2737,3434.9778,8680.324987550677
2738,3435.1028,8680.703694459502
2739,3435.2278,8681.081139900321
2740,3435.3528,8681.457874654941
2741,3435.4778,8681.834556108097
2742,3435.6028,8682.211273095561
2743,3435.7278,8682.58768804139
2744,3435.8528,8682.96431619308
2745,3435.9778,8683.341424057955
2746,3436.1028,8683.718158812575
2747,3436.2278,8684.09384530505
2748,3436.3528,8684.467932753574
2749,3436.4778,8684.84013688367
2750,3436.6028,8685.212891795569
2751,3436.7278,8685.586748271078
2752,3436.8528,8685.961724077353
2753,3436.9778,8686.337339501208
2754,3437.1028,8686.712617349118
2755,3437.2278,8687.086154015838
2756,3437.3528,8687.459086599289
2757,3437.4778,8687.831823744034
2758,3437.6028,8688.20548478084
2759,3437.7278,8688.58040728565
2760,3437.8528,8688.955596297785
2761,3437.9778,8689.33092744716
2762,3438.1028,8689.705814417659
2763,3438.2278,8690.079813030408
2764,3438.3528,8690.452941052563
2765,3438.4778,8690.825305087053
2766,3438.6028,8691.196283283454
2767,3438.7278,8691.568611783634
2768,3438.8528,8691.942414957679
2769,3438.9778,8692.318332423169
2770,3439.1028,8692.695973302694
2771,3439.2278,8693.073845155233
2772,3439.3528,8693.452161186648
2773,3439.4778,8693.831738686067
2774,3439.6028,8694.212968530903
2775,3439.7278,8694.595193336418
2776,3439.8528,8694.977382607623
2777,3439.9778,8695.359038864179
2778,3440.1028,8695.738332089119
2779,3440.2278,8696.116150640193
2780,3440.3528,8696.492814326193
2781,3440.4778,8696.868909463234
2782,3440.6028,8697.245892958024
2783,3440.7278,8697.626820761225
2784,3440.8528,8698.01188831154
2785,3440.9778,8698.400722498714
